id,title,company_name,venue,date,exp_year,level,salary,edu,src_pic
1,"Nhân Viên IT - Lập Trình Viên Java (Spring Boot) - Quận 12","Công Ty Tnhh Aegona",TP.HCM,25/11/2023,"Yêu cầu kinh nghiệm","Chuyên viên- nhân viên","1 - 50 triệu","Đại học","https://cdn1.vieclam24h.vn/images/default/2023/11/02/LG tròn đỏ trắng_169890869871.png"
2,"Hà Nội - Nhân Viên IT (IT Support / Helpdesk)","Công Ty Cổ Phần Maison Retail Management International","Hà Nội",27/11/2023,"Yêu cầu kinh nghiệm","2 tháng","10 - 12 triệu","Cao đẳng",https://cdn1.vieclam24h.vn/images/employer_avatar/2022/09/13/images/166303510727.png
3,"Nhân Viên IT Phần Cứng","Công Ty TNHH MTV Giáo Dục Ánh Dương",TP.HCM,30/11/2023,"Yêu cầu kinh nghiệm","2 tháng","8 - 12 triệu","Cao đẳng",https://cdn1.vieclam24h.vn/file/employer_avatar/2023/09/30/Capture_169604724344.GIF
4,"Nhân Viên IT","Chi Nhánh Công Ty TNHH Halcyon Technology Việt Nam Tại Hà Nội","Hà Nội",30/11/2023,"Yêu cầu kinh nghiệm","1 tháng","10 - 15 triệu","Cao đẳng",https://cdn1.vieclam24h.vn/upload/files_cua_nguoi_dung/logo/2019/08/16/9ed66778551fb241eb0e.jpg
5,"Nhân Viên IT Phần Cứng","Công Ty TNHH Phát Triển Thương Mại Và Kỹ Thuật Toàn Cầu","Hà Nội",30/11/2023,"Yêu cầu kinh nghiệm","Chuyên viên- nhân viên","8 - 15 triệu","Cao đẳng",https://cdn1.vieclam24h.vn/images/old_employer_avatar/images/fc7b4ea15bb7182a5cc023ca49af70fb_q.png
6,"Nhân Viên IT","Công Ty CP Giáo Dục Thành Thành Công - IGC GROUP","Bến Tre",15/12/2023,"Yêu cầu kinh nghiệm","2 tháng","7 - 8 triệu","Đại học",https://cdn1.vieclam24h.vn/tvn/images/default/2021/06/28/images/162485704624.png
7,"Nhân Viên IT Support - Outsource","Văn Phòng Đại Diện Công Ty Cổ Phần Dịch Vụ Công Nghệ Tsc Việt Nam Tại Đà Nẵng","Hà Nội ,",30/11/2023,"Yêu cầu kinh nghiệm","2 tháng","10 - 25 triệu","Đại học",https://cdn1.vieclam24h.vn/images/employer_avatar/2023/10/03/Logo-TSC-sửa-17_169632272429.png
8,"Nhân Viên IT","Công Ty Cổ Phần Mỹ Phẩm Quốc Tế Thuỳ Dung","Hà Nội",30/11/2023,"Yêu cầu kinh nghiệm","2 tháng","12 - 15 triệu","Cao đẳng",https://cdn1.vieclam24h.vn/images/employer_avatar/2023/11/08/Capturex_169942755196.PNG
9,"Nhân Viên IT","Công Ty TNHH Thương Mại Dịch Vụ Saigonitservices","Bình Dương",30/11/2023,"Yêu cầu kinh nghiệm","1 tháng","9 - 15 triệu","Cao đẳng",https://cdn1.vieclam24h.vn/images/employer_avatar/2023/07/20/z4532726173949_b91f354f8537f3f9c0b28e6dc7863688_168984528468.jpg
10,"Nhân Viên IT - Lập Trình Viên C#","Công Ty Cổ Phần Phần Mềm Oos","Hà Nội",20/11/2023,"Yêu cầu kinh nghiệm","2 tháng","10 - 20 triệu","Đại học",https://cdn1.vieclam24h.vn/upload/files_cua_nguoi_dung/logo/2014/04/28/1398674210_Logo_Pgn.png
11,"Nhân Viên IT - Lập Trình Viên Java (Spring Boot) - Quận 12","Công Ty Tnhh Aegona",TP.HCM,25/11/2023,"Yêu cầu kinh nghiệm","Chuyên viên- nhân viên","1 - 50 triệu","Đại học","https://cdn1.vieclam24h.vn/images/default/2023/11/02/LG tròn đỏ trắng_169890869871.png"
12,"Hà Nội - Nhân Viên IT (IT Support / Helpdesk)","Công Ty Cổ Phần Maison Retail Management International","Hà Nội",27/11/2023,"Yêu cầu kinh nghiệm","2 tháng","10 - 12 triệu","Cao đẳng",https://cdn1.vieclam24h.vn/images/employer_avatar/2022/09/13/images/166303510727.png
13,"Nhân Viên IT Phần Cứng","Công Ty TNHH MTV Giáo Dục Ánh Dương",TP.HCM,30/11/2023,"Yêu cầu kinh nghiệm","2 tháng","8 - 12 triệu","Cao đẳng",https://cdn1.vieclam24h.vn/file/employer_avatar/2023/09/30/Capture_169604724344.GIF
14,"Nhân Viên IT","Chi Nhánh Công Ty TNHH Halcyon Technology Việt Nam Tại Hà Nội","Hà Nội",30/11/2023,"Yêu cầu kinh nghiệm","1 tháng","10 - 15 triệu","Cao đẳng",https://cdn1.vieclam24h.vn/upload/files_cua_nguoi_dung/logo/2019/08/16/9ed66778551fb241eb0e.jpg
15,"Nhân Viên IT Phần Cứng","Công Ty TNHH Phát Triển Thương Mại Và Kỹ Thuật Toàn Cầu","Hà Nội",30/11/2023,"Yêu cầu kinh nghiệm","Chuyên viên- nhân viên","8 - 15 triệu","Cao đẳng",https://cdn1.vieclam24h.vn/images/old_employer_avatar/images/fc7b4ea15bb7182a5cc023ca49af70fb_q.png
16,"Nhân Viên IT","Công Ty CP Giáo Dục Thành Thành Công - IGC GROUP","Bến Tre",15/12/2023,"Yêu cầu kinh nghiệm","2 tháng","7 - 8 triệu","Đại học",https://cdn1.vieclam24h.vn/tvn/images/default/2021/06/28/images/162485704624.png
17,"Nhân Viên IT Support - Outsource","Văn Phòng Đại Diện Công Ty Cổ Phần Dịch Vụ Công Nghệ Tsc Việt Nam Tại Đà Nẵng","Hà Nội ,",30/11/2023,"Yêu cầu kinh nghiệm","2 tháng","10 - 25 triệu","Đại học",https://cdn1.vieclam24h.vn/images/employer_avatar/2023/10/03/Logo-TSC-sửa-17_169632272429.png
18,"Nhân Viên IT","Công Ty Cổ Phần Mỹ Phẩm Quốc Tế Thuỳ Dung","Hà Nội",30/11/2023,"Yêu cầu kinh nghiệm","2 tháng","12 - 15 triệu","Cao đẳng",https://cdn1.vieclam24h.vn/images/employer_avatar/2023/11/08/Capturex_169942755196.PNG
19,"Nhân Viên IT","Công Ty TNHH Thương Mại Dịch Vụ Saigonitservices","Bình Dương",30/11/2023,"Yêu cầu kinh nghiệm","1 tháng","9 - 15 triệu","Cao đẳng",https://cdn1.vieclam24h.vn/images/employer_avatar/2023/07/20/z4532726173949_b91f354f8537f3f9c0b28e6dc7863688_168984528468.jpg
20,"Nhân Viên IT - Lập Trình Viên C#","Công Ty Cổ Phần Phần Mềm Oos","Hà Nội",20/11/2023,"Yêu cầu kinh nghiệm","2 tháng","10 - 20 triệu","Đại học",https://cdn1.vieclam24h.vn/upload/files_cua_nguoi_dung/logo/2014/04/28/1398674210_Logo_Pgn.png
21,"Nhân Viên IT","Công Ty TNHH Kyungsung Việt Nam","Hải Phòng",06/12/2023,"Yêu cầu kinh nghiệm","2 tháng","7 - 14 triệu","Đại học",https://cdn1.vieclam24h.vn/images/default/2023/08/15/z4509668868118_1a52322d59e218e4f784a6d470de440a_169209189612.jpg
22,"Nhân Viên IT -  Hệ Thống Erp","Công Ty TNHH Công Nghệ Thực Phẩm Định Hướng Mới",TP.HCM,30/12/2023,"Yêu cầu kinh nghiệm","2 tháng","9 - 12 triệu","Cao đẳng",https://cdn1.vieclam24h.vn/tvn/images/default/2021/04/22/images/161907492345.png
23,"Nhân Viên IT","Công Ty Cổ Phần Study Guide",TP.HCM,06/12/2023,"Yêu cầu kinh nghiệm","2 tháng","10 - 15 triệu","Đại học",/img/vieclam24h_logo_customer.jpg
24,"Nhân Viên Kỹ Thuật IT (Phần Cứng)","Công ty Cổ Phần Đầu Tư Công Nghệ HACOM","Hà Nội",30/11/2023,"Yêu cầu kinh nghiệm","2 tháng","10 - 11 triệu","Trung cấp",https://cdn1.vieclam24h.vn/images/default/2022/08/02/images/165941441315.jpeg
25,"Nhân Viên Kỹ Thuật IT Phần Cứng","Công Ty TNHH Máy Tính Hoàng Gia","Hà Nội",30/11/2023,"Yêu cầu kinh nghiệm","Chuyên viên- nhân viên","8 - 12 triệu","Trung cấp",https://cdn1.vieclam24h.vn/images/employer_avatar/2023/11/16/fd88321ff9ee2fb076ff_170011746450.jpg
26,"Nhân Viên Lập Trình -IT","CHI NHÁNH CÔNG TY TNHH EM-TECH VIỆT NAM TẠI NGHỆ AN","Nghệ An",31/12/2023,"Yêu cầu kinh nghiệm","2 tháng","8 - 30 triệu","Cao đẳng",https://cdn1.vieclam24h.vn/upload/files_cua_nguoi_dung/logo/2019/10/02/EM.png
27,"Nhân Viên Kỹ Thuật IT","Công Ty TNHH Dịch Vụ Thiết Bị Văn Phòng Tấn Phát",TP.HCM,22/11/2023,"Yêu cầu kinh nghiệm","2 tháng","7 - 9 triệu","Trung cấp","https://cdn1.vieclam24h.vn/images/default/2023/08/16/Artboard 1@3x_169217771526.png"
28,"Chuyên Viên IT Helpdesk Tại Kim Mã, Hà Nội","Công ty Tài Chính TNHH HD SAISON","Hà Nội",17/12/2023,"Yêu cầu kinh nghiệm","2 tháng","9 - 15 triệu","Trung cấp",https://cdn1.vieclam24h.vn/images/old_employer_avatar/images/0c11a213f45f67450110524c8f0fef87_3104199_vieclam24h_1577951033.png
29,"Chuyên Viên IT Tại Kim Mã, Hà Nội","Công ty Tài Chính TNHH HD SAISON","Hà Nội",30/11/2023,"Yêu cầu kinh nghiệm","2 tháng","9 - 12 triệu","Trung cấp",https://cdn1.vieclam24h.vn/images/old_employer_avatar/images/0c11a213f45f67450110524c8f0fef87_3104199_vieclam24h_1577951033.png
30,"IT Helpdesk (Tiếng Trung)","Công Ty TNHH Polytex Far Eastern (Việt Nam)","Bình Dương",01/12/2023,"Yêu cầu kinh nghiệm","2 tháng","10 - 15 triệu","Cao đẳng",https://cdn1.vieclam24h.vn/tvn/images/old_employer_avatar/images/f2ac86da3f625d5ce1af038322bc21ce_5ba4b64d1ed06_1537521229.jpeg
31,"IT Executive (Software Tại Bắc Ninh)","Ych Protrade - Công Ty TNHH Ych-Protrade","Bắc Ninh",15/12/2023,"Yêu cầu kinh nghiệm","2 tháng","15 - 20 triệu","Trung cấp",https://cdn1.vieclam24h.vn/tvn/images/old_employer_avatar/images/e29083eb377e1b88bad69d4b80852edc_59b25312a9450_1504858898.png
32,"Trưởng Phòng IT","Công Ty TNHH May Mặc Việt Thiên","Vĩnh Phúc",25/11/2023,"Yêu cầu kinh nghiệm","2 tháng","15 - 30 triệu","Cao đẳng",/img/vieclam24h_logo_customer.jpg
33,"Lập Trình Viên - IT Phần Mềm (Không Yêu Cầu Kinh Nghiệm)","Công Ty Cổ Phần Ứng Dụng CNTT Y Tế","Hà Nội",08/12/2023,"Yêu cầu kinh nghiệm","Chuyên viên- nhân viên","7 - 40 triệu","Cao đẳng",https://cdn1.vieclam24h.vn/tvn/images/employer_avatar/2021/07/22/images/162695320973.jpeg
34,"Lập Trình Viên - IT Phần Mềm (Không Cần Kinh Nghiệm)","Công Ty Cổ Phần Ứng Dụng CNTT Y Tế","Hà Nội",08/12/2023,"Yêu cầu kinh nghiệm","Chuyên viên- nhân viên","7 - 40 triệu","Cao đẳng",https://cdn1.vieclam24h.vn/tvn/images/employer_avatar/2021/07/22/images/162695320973.jpeg
35,"Intern Sales IT","Công Ty Cổ Phần Adamo Software","Hà Nội",07/12/2023,"Yêu cầu kinh nghiệm","Chuyên viên- nhân viên","3 - 5 triệu","Đại học","https://cdn1.vieclam24h.vn/images/employer_avatar/2023/11/09/tải xuống_169950094158.png"
36,"Sale phần mềm Hà Nội","Linh Pham","Quận Hà Đông, Hà Nội",05-12-2023,"Đang cập nhật","Nhân Viên","13 - 18 triệu","Đang cập nhật",/images/no_company.png
37,"Cần gấp kiểm thử phần mềm","Beibi HR","Quận 3, Hồ Chí Minh",07-01-2024,"2 năm kinh nghiệm","Nhân Viên","Cập nhật","Đang cập nhật",/images/no_company.png
38,"Nhân Viên Telesales Phần Mềm","CÔNG TY CỔ PHẦN CÔNG NGHỆ VÀ TRUYỀN THÔNG VARS VIỆT NAM","Đà Nẵng",16-12-2023,"Dưới 1 năm","Nhân Viên","Cập nhật","Đang cập nhật",/images/no_company.png
39,"Tuyển nhanh kỹ sư phần mềm","Huỳnh Như Ngọc","Quận Cầu Giấy, Hà Nội",03-01-2024,"5 năm kinh nghiệm","Nhân Viên","Cập nhật","Đang cập nhật",/images/no_company.png
40,"Nhân Viên Phần Mềm","CÔNG TY TNHH RORZE ROBOTECH","An Dương, Hải Phòng",01-01-2024,"1 - 2 năm kinh nghiệm","Nhân Viên","Cập nhật","Cử Nhân",https://cdn1.123job.vn/123job/uploads/2023/02/07/2023_02_07______ee73e88690876955f7721b5628ec6052.png
41,"Chuyên Viên Kinh Doanh Phần Mềm","CÔNG TY CỔ PHẦN ĐẦU TƯ ROVI HOLDINGS","Tân Bình, Hồ Chí Minh",18-12-2023,"Đang cập nhật","Nhân Viên","20 triệu","Đang cập nhật",https://cdn1.123job.vn/123job/uploads/2023/02/07/2023_02_07______43fa9e2deaa8cf07e4b76889d7f07a5c.jpg
42,"Nhân viên kinh doanh phần mềm","CÔNG TY TNHH PHẦN MỀM VÀ DỊCH VỤ CNTT LIINK","Cái Răng, Cần Thơ",06-12-2023,"1 năm","Nhân Viên/ Chuyên Viên","Cập nhật","Đang cập nhật",https://cdn1.123job.vn/123job/uploads/2023/03/22/2023_03_22______af58d3d5f7ae9558ca39e05bfd176348.png
43,"[tuyển gấp] Nhân viên Kinh Doanh Phần mềm","CÔNG TY TNHH MEDIASTEP SOFTWARE VIỆT NAM","Tân Bình, Hồ Chí Minh",17-12-2023,"Đang cập nhật","Nhân Viên","Cập nhật","Đang cập nhật",https://cdn1.123job.vn/123job/uploads/2023/02/07/2023_02_07______a8b2e9f1fd8ae66b0cbd6e32d5a49a2c.jpg
44,"[tuyển gấp] Nhân viên Kinh Doanh Phần mềm","CÔNG TY TNHH MEDIASTEP SOFTWARE VIỆT NAM","Tân Bình, Hồ Chí Minh",18-12-2023,"Đang cập nhật","Nhân Viên","40 triệu","Đang cập nhật",https://cdn1.123job.vn/123job/uploads/2023/02/07/2023_02_07______a8b2e9f1fd8ae66b0cbd6e32d5a49a2c.jpg
45,"[tuyển gấp] Nhân viên Kinh Doanh Phần mềm","CÔNG TY TNHH MEDIASTEP SOFTWARE VIỆT NAM","Tân Bình, Hồ Chí Minh",18-12-2023,"Đang cập nhật","Nhân Viên","40 triệu","Đang cập nhật",https://cdn1.123job.vn/123job/uploads/2023/02/07/2023_02_07______a8b2e9f1fd8ae66b0cbd6e32d5a49a2c.jpg
46,"[tuyển gấp] Nhân viên Kinh Doanh Phần mềm","CÔNG TY TNHH MEDIASTEP SOFTWARE VIỆT NAM","Tân Bình, Hồ Chí Minh",18-12-2023,"Đang cập nhật","Nhân Viên","40 triệu","Đang cập nhật",https://cdn1.123job.vn/123job/uploads/2023/02/07/2023_02_07______a8b2e9f1fd8ae66b0cbd6e32d5a49a2c.jpg
47,"Chuyên Viên Phát Triển Phần Mềm","Công Ty TNHH MTV Suất Ăn Hàng Không Việt Nam","Tân Bình, Hồ Chí Minh",05-01-2024,"Trên 3 năm","Nhân Viên","18 - 23 triệu","Đang cập nhật",https://cdn1.123job.vn/123job/uploads/2023/03/09/2023_03_09______59d5e55aa9a8bdf5703b877d147d1034.jpg
48,"THUẬN AN - TUYỂN KỸ THUẬT PHẦN MỀM (CA TỐI)","CÔNG TY CỔ PHẦN XÂY DỰNG VÀ ĐẦU TƯ THƯƠNG MẠI HOÀNG HÀ","Dĩ An, Bình Dương",30-11-2023,"Không yêu cầu","Nhân Viên/ Chuyên Viên","2 - 3.5 triệu","Phổ Thông",https://cdn1.123job.vn/123job/uploads/2023/02/07/2023_02_07______89a5b5a03d7bf4ecc50ddc6f75be4128.jpg
49,"Software Engineering (Kỹ Sư Phần Mềm)","CÔNG TY TNHH CÔNG NGHỆ MÁY VĂN PHÒNG KYOCERA VIỆT NAM","Thủy Nguyên, Hải Phòng",11-12-2023,"0 - 1 năm kinh nghiệm","Kỹ Thuật Viên / Kỹ Sư","Cập nhật","Cử Nhân",https://cdn1.123job.vn/123job/uploads/2023/02/09/2023_02_09______c35fa73c42c134fbcd654453418491c9.jpg
50,"HCM - Nhân Viên Kinh Doanh/Tư Vấn Phần Mềm","Công ty Cổ phần Công nghệ KiotViet","Quận 3, Hồ Chí Minh",16-12-2023,"Đang cập nhật","Nhân Viên","15 triệu","Đang cập nhật",https://cdn1.123job.vn/123job/uploads/2023/03/03/2023_03_03______77ce769790713ef2553bb93b7170ae4c.png
51,"[tuyển gấp] Nhân viên Kinh Doanh Phần mềm","CÔNG TY TNHH MEDIASTEP SOFTWARE VIỆT NAM","Tân Bình, Hồ Chí Minh",18-12-2023,"Đang cập nhật","Nhân Viên","40 triệu","Đang cập nhật",https://cdn1.123job.vn/123job/uploads/2023/02/07/2023_02_07______a8b2e9f1fd8ae66b0cbd6e32d5a49a2c.jpg
52,"[tuyển gấp] Nhân viên Kinh Doanh Phần mềm","CÔNG TY TNHH MEDIASTEP SOFTWARE VIỆT NAM","Tân Bình, Hồ Chí Minh",18-12-2023,"Đang cập nhật","Nhân Viên","40 triệu","Đang cập nhật",https://cdn1.123job.vn/123job/uploads/2023/02/07/2023_02_07______a8b2e9f1fd8ae66b0cbd6e32d5a49a2c.jpg
53,"[tuyển gấp] Nhân viên Kinh Doanh Phần mềm","CÔNG TY TNHH MEDIASTEP SOFTWARE VIỆT NAM","Tân Bình, Hồ Chí Minh",18-12-2023,"Đang cập nhật","Nhân Viên","40 triệu","Đang cập nhật",https://cdn1.123job.vn/123job/uploads/2023/02/07/2023_02_07______a8b2e9f1fd8ae66b0cbd6e32d5a49a2c.jpg
54,"Nhân Viên Dịch Vụ Khách Hàng Phần Mềm","Công ty Cổ phần Công nghệ KiotViet","Hà Nội",06-12-2023,"Dưới 1 năm","Nhân Viên","12 - 15 triệu","Đang cập nhật",https://cdn1.123job.vn/123job/uploads/2023/03/03/2023_03_03______77ce769790713ef2553bb93b7170ae4c.png
55,"Chuyên Viên Tư Vấn Phần Mềm","Mediastep Software Inc.","Thanh Khê, Đà Nẵng",13-12-2023,"Dưới 2 năm","Nhân Viên","10 triệu/giờ","Đang cập nhật",https://cdn1.123job.vn/123job/uploads/2023/02/07/2023_02_07______57087128cc6473bf2a3b3dd06404a7ff.png
56,"Nhân viên Triển khai phần mềm","FPT IS","Hà Nội",17-12-2023,"Đang cập nhật","Nhân Viên","Cập nhật","Đang cập nhật",https://cdn1.123job.vn/123job/uploads/2023/02/07/2023_02_07______52ca7016d5fe4280c05eb0a38ee46139.png
57,"Nhân Viên Marketing Phần Mềm Bán Hàng","Công ty Cổ phần công nghệ phần mềm Ssoft Việt Nam","Hà Nội",10-12-2023,"Dưới 1 năm","Nhân Viên","7 - 10 triệu","Đang cập nhật",https://cdn1.123job.vn/123job/uploads/2023/03/17/2023_03_17______ee6095af862dfd061897ef24a232af86.jpg
58,"Nhân Viên Kinh Doanh Phần Mềm","Công Ty Cổ Phần Quảng Cáo Digi Hero","Hà Đông, Hà Nội",21-12-2023,"Trên 1 năm","Nhân Viên","16 - 30 triệu","Đang cập nhật",https://cdn1.123job.vn/123job/uploads/2023/02/07/2023_02_07______527b37c70b28e1a9210c09607a1cf015.jpg
59,"Nhân Viên Triển Khai Phần Mềm","Công Ty TNHH Đối Tác Việt","Quận 1, Hồ Chí Minh",29-12-2023,"Dưới 1 năm","Nhân Viên","Cập nhật","Đang cập nhật",https://cdn1.123job.vn/123job/uploads/2023/02/28/2023_02_28______97f989a68b9a6317ebaec1a2eaf952ef.jpg
60,"Nhân Viên Kinh Doanh (Phần Mềm)","Công ty TNHH Giải pháp công nghệ thông minh TT","Thủ Đức, Hồ Chí Minh",27-12-2023,"1 - 3 năm","Nhân Viên","Cập nhật","Đang cập nhật",/images/no_company.png
61,"Chuyên Viên Hỗ Trợ Triển Khai Phần Mềm Logistics","Trung tâm Công nghệ thông tin - Tổng Công ty Bưu điện Việt Nam","Hà Nội",31-12-2023,"1 năm","Nhân Viên","10 - 15 triệu","Đang cập nhật",https://cdn1.123job.vn/123job/uploads/2023/03/14/2023_03_14______f06d19cf7d09b97b2826b401913ce5e6.jpg
62,"Sale Leader (Phần Mềm GoSELL / Alibaba.com)STEPMEDIA SOFTWARE","STEPMEDIA SOFTWARE","Hòa Bình",15-02-2024,"3 năm kinh nghiệm","Nhân Viên","17 - 25 triệu","Đang cập nhật",/images/no_company.png
63,"Nhân Viên Triển Khai Phần Mềm Kế Toán","Công Ty TNHH Phần Mềm Dami","Gò Vấp, Hồ Chí Minh",29-12-2023,"Trên 1 năm","Nhân Viên","Cập nhật","Đang cập nhật",https://cdn1.123job.vn/123job/uploads/2023/02/14/2023_02_14______dbb58d078eafc166cec51604a0a9ccb5.jpg
64,"Chuyên Viên Triển Khai Phần Mềm","FPT Information System","Hà Nội",31-12-2023,"1 năm","Nhân Viên","Cập nhật","Đang cập nhật",/images/no_company.png
65,"Business Consultant (Phần Mềm GoSELL/Alibaba.com)STEPMEDIA SOFTWARE","STEPMEDIA SOFTWARE","Ba Đình, Hai Bà Trưng, Hà Nội",15-02-2024,"1 năm kinh nghiệm","Nhân Viên","5 triệu","Đang cập nhật",/images/no_company.png
66,"Nhân Viên Kinh Doanh Phần Mềm","CÔNG TY CỔ PHẦN HOSCO VIỆT NAM","Hà Nội",03-12-2023,"Dưới 1 năm","Nhân Viên","10 - 20 triệu","Đang cập nhật",https://cdn1.123job.vn/123job/uploads/2023/02/07/2023_02_07______0638e73c71305c4be9a0c624b7d18e6c.jpg
67,"Nhân Viên Sale Phần Mềm Bán Hàng","Công ty TNHH Mediastep Software VN","Hà Nội",20-12-2023,"Dưới 1 năm","Nhân Viên","10 - 20 triệu","Đang cập nhật",https://cdn1.123job.vn/123job/uploads/2023/03/29/2023_03_29______d5607e2a8f1addb5ec563965c4b80b99.png
68,"Tester - Chuyên Viên Kiểm Thử Phần Mềm","Công ty cổ phần ITS GLOBAL","Hà Nội",21-12-2023,"2 năm","Nhân Viên","13 - 22 triệu","Đang cập nhật",https://cdn1.123job.vn/123job/uploads/2023/02/07/2023_02_07______8f4b27c56d63569a11511e197e3d44ef.jpg
69,"Nhân Viên Kinh Doanh Phần Mềm","Công ty Cổ Phần Salemall","Hà Nội",13-12-2023,"1 năm","Nhân Viên","15 - 30 triệu","Đang cập nhật",https://cdn1.123job.vn/123job/uploads/2023/02/07/2023_02_07______6bb73d80296cbebcb724d587bfddf4b8.jpg
70,"Nhân Viên Kinh Doanh Phần Mềm Bán Hàng","CÔNG TY TNHH MEDIASTEP SOFTWARE VIỆT NAM","Hà Nội",20-12-2023,"Dưới 1 năm","Nhân Viên","15 - 30 triệu","Đang cập nhật",https://cdn1.123job.vn/123job/uploads/2023/02/07/2023_02_07______a8b2e9f1fd8ae66b0cbd6e32d5a49a2c.jpg
71,"Nhân Viên Kỹ Thuật Viễn Thông","Công Ty TNHH Thương Mại Và Dịch Vụ Song Đan",TP.HCM,30/11/2023,"Yêu cầu kinh nghiệm","2 tháng","7 - 10 triệu","Trung cấp",https://cdn1.vieclam24h.vn/images/employer_avatar/2023/09/21/sd_169527930557.jpg
72,"Nhân Viên Kinh Doanh Fpt Telecom (Quận 4, Quận 7, Nhà Bè)","Công Ty Cổ Phần Viễn Thông Fpt",TP.HCM,23/11/2023,"Yêu cầu kinh nghiệm","Chuyên viên- nhân viên","8 - 20 triệu","Trung cấp",https://cdn1.vieclam24h.vn/file_uploads/employer/5ef98ef5651ec_1593413365.jpg
73,"Nhân Viên Content Marketing Lương Upto 12 Triệu - Đi Làm Ngay","Công Ty TNHH Thẩm Mỹ Viện Saigonstar",TP.HCM,25/11/2023,"Yêu cầu kinh nghiệm","2 tháng","8 - 12 triệu","Cao đẳng",https://cdn1.vieclam24h.vn/tvn/asset/home/img/employer/5f350783a06db_1597310851.jpg
74,"Nhân Viên Đào Tạo","Công Ty TNHH Một Thành Viên Chuyển Phát Nhanh Thuận Phong - Chi Nhánh Thành Phố Hồ Chí Minh",TP.HCM,07/12/2023,"Yêu cầu kinh nghiệm","Chuyên viên- nhân viên","8 - 11 triệu","Cao đẳng",https://cdn1.vieclam24h.vn/images/default/2022/04/25/images/165087488293.png
75,"Giám Đốc Nhân Sự","Công Ty Cổ Phần Nguyên Vật Liệu Và Xây Dựng Mb","Hà Nội",15/12/2023,"Yêu cầu kinh nghiệm","2 tháng","32 - 45 triệu","Đại học",/img/vieclam24h_logo_customer.jpg
76,"Thực Tập Sinh Nhân Sự Part-Time","Công Ty Cổ Phần Đầu Tư Nguyễn Tấn","Hà Nội",10/12/2023,"Yêu cầu kinh nghiệm","2 tháng","0.1 - 0.2 triệu","Cao đẳng",https://cdn1.vieclam24h.vn/images/default/2022/04/04/images/164904231772.png
77,"Kỹ Thuật Viên Máy Tính - Camera","Bệnh Viện Máy Tính Net - Ngọc Lễ","TP.HCM ,",30/11/2023,"Yêu cầu kinh nghiệm","1 tháng","7 - 12 triệu","Trung cấp",https://cdn1.vieclam24h.vn/tvn/asset/home/img/employer/5cdb7852859a7_1557887058.jpg
78,"Nhân Viên Hành Chính - Nam Từ Liêm","Công ty Cổ Phần Vinhomes","Hà Nội",31/12/2023,"Yêu cầu kinh nghiệm","2 tháng","9 - 11 triệu","Trung cấp",https://cdn1.vieclam24h.vn/images/old_employer_avatar/images/e156f68da2d12b1485d4579e86d10f10_4876858_vieclam24h_1581913790.png
79,"Nhân Viên Thu Tiền Điện, Điện Thoại, Nước Và Internet","Công Ty CP Tập Đoàn Bee Việt",TP.HCM,09/12/2023,"Yêu cầu kinh nghiệm","Chuyên viên- nhân viên","8 - 12 triệu","Trung học",https://cdn1.vieclam24h.vn/images/employer_avatar/2023/08/17/Screenshot_1_169224164260.png
80,"Nhân Viên Truyền Thông","Công Ty CP Dịch Vụ Bảo Vệ Ngân Hàng Á Châu",TP.HCM,06/12/2023,"Yêu cầu kinh nghiệm","2 tháng","8 - 10 triệu","Cao đẳng",https://cdn1.vieclam24h.vn/upload/files_cua_nguoi_dung/logo/2020/09/29/5066260_vieclam24h_1601342394.jpg
81,"Nhân Viên Kinh Doanh","Công Ty Cổ Phần Chuyển Phát Nhanh Vip","Hà Nội",28/11/2023,"Yêu cầu kinh nghiệm","2 tháng","8 - 12 triệu","Trung cấp",/img/vieclam24h_logo_customer.jpg
82,"Nhân Viên Kinh Doanh","Công Ty Cổ Phần Đầu Tư Thương Mại Phát Triển Nhất Tín - Chi Nhánh Đồng Nai","Đồng Nai",30/11/2023,"Yêu cầu kinh nghiệm","02 tháng","7 - 20 triệu","Trung cấp",https://cdn1.vieclam24h.vn/images/default/2020/12/04/images/img_vieclam24h_vn_160706989469.png
83,"Nhân Viên Kinh Doanh Online","Bưu Điện Tp. Hồ Chí Minh - Chi Nhánh Tổng Công Ty Bưu Điện Việt Nam",TP.HCM,26/11/2023,"Yêu cầu kinh nghiệm","Chuyên viên- nhân viên","7 - 15 triệu","Trung cấp","https://cdn1.vieclam24h.vn/images/default/2023/07/28/HCMPOST 2_169053003221.jpg"
84,"Nhân Viên Phân Loại Hàng Hóa Tại Thành Phố  Huế","Công  Ty TNHH SPX Express","Thừa Thiên Huế",25/11/2023,"Yêu cầu kinh nghiệm","Chuyên viên- nhân viên","8 - 10 triệu","Trung cấp",https://cdn1.vieclam24h.vn/images/employer_avatar/2023/11/09/sp_169949753674.jpg
85,"Marketing Executive","Công Ty TNHH Thương Mại Dịch Vụ Giao Nhận Xuất Nhập Khẩu Ánh Minh",TP.HCM,12/12/2023,"Yêu cầu kinh nghiệm","02 tháng","10 - 15 triệu","Đại học",https://cdn1.vieclam24h.vn/images/default/2022/06/20/images/165571029259.jpeg
86,"Nhân Viên Kế Toán Thuế","Công Ty Cổ Phần Quốc Tế Vietant","Hà Nội",30/11/2023,"Yêu cầu kinh nghiệm","1 tháng","12 - 14 triệu","Cao đẳng",https://cdn1.vieclam24h.vn/images/employer_avatar/2023/11/10/unnamed_169959147027.jpg
87,"Nhân Viên Bán Hàng (Lương Cứng + % Hoa Hồng) - Phỏng Vấn Đi Làm Ngay","Công Ty Trách Nhiệm Hữu Hạn Sản Xuất Và Thương Mại Trang Thiết Bị Y Tế Ids","Hà Nội",30/11/2023,"Yêu cầu kinh nghiệm","1 tháng","7 - 25 triệu","Cao đẳng",https://cdn1.vieclam24h.vn/images/employer_avatar/2023/10/31/z4835477501553_326f9d69d25de75b1d1e14904fdd0680_169874504228.jpg
88,"Nhân Viên Kinh Doanh - Lương Tới 22 Triệu","Công Ty Cổ Phần Quốc Tế Toàn Mỹ","Hà Nội",30/11/2023,"Yêu cầu kinh nghiệm","Chuyên viên- nhân viên","15 - 22 triệu","Trung cấp",/img/vieclam24h_logo_customer.jpg
89,"Thực Tập Sinh Nhân Sự","Công Ty Cổ Phần Giải Pháp Nhân Sự Việt Nam","Hà Nội",10/12/2023,"Yêu cầu kinh nghiệm","Cộng tác viên","1 - 1.5 triệu","Cao đẳng",https://cdn1.vieclam24h.vn/images/default/2021/10/01/images/img_vieclam24h_vn_163307805787.jpeg
90,"Việc Làm Tiếng Nhật Tại Hồ Chí Minh","Công Ty TNHH Gifu Kogyo Việt Nam",TP.HCM,07/12/2023,"Yêu cầu kinh nghiệm","1 tháng","10 - 12 triệu","Cao đẳng",https://cdn1.vieclam24h.vn/tvn/images/old_employer_avatar/images/6bb84417087af81bfb7710477e9c3656_gifu_gkv_vn_cong_ty_tnhh_gifu_kogyo_vietnam.jpeg
101,"Nhân Viên PG / PB (Promotion Girl / Boy) Nhà Hàng Quận 1","RESTAURANT DAI VIET - THE RICE HOTEL COMPANY LIMITED",TP.HCM,11/12/2023,"Yêu cầu kinh nghiệm","1 tháng","4 - 5 triệu","Cao đẳng",https://cdn1.vieclam24h.vn/images/default/2022/07/30/images/165914399416.png
102,"Nhân Viên Kỹ Thuật Viễn Thông","Công Ty TNHH Thương Mại Và Dịch Vụ Song Đan",TP.HCM,30/11/2023,"Yêu cầu kinh nghiệm","2 tháng","7 - 10 triệu","Trung cấp",https://cdn1.vieclam24h.vn/images/employer_avatar/2023/09/21/sd_169527930557.jpg
103,"Nhân Viên Kinh Doanh Fpt Telecom (Quận 4, Quận 7, Nhà Bè)","Công Ty Cổ Phần Viễn Thông Fpt",TP.HCM,23/11/2023,"Yêu cầu kinh nghiệm","Chuyên viên- nhân viên","8 - 20 triệu","Trung cấp",https://cdn1.vieclam24h.vn/file_uploads/employer/5ef98ef5651ec_1593413365.jpg
104,"Nhân Viên Content Marketing Lương Upto 12 Triệu - Đi Làm Ngay","Công Ty TNHH Thẩm Mỹ Viện Saigonstar",TP.HCM,25/11/2023,"Yêu cầu kinh nghiệm","2 tháng","8 - 12 triệu","Cao đẳng",https://cdn1.vieclam24h.vn/tvn/asset/home/img/employer/5f350783a06db_1597310851.jpg
105,"Nhân Viên Đào Tạo","Công Ty TNHH Một Thành Viên Chuyển Phát Nhanh Thuận Phong - Chi Nhánh Thành Phố Hồ Chí Minh",TP.HCM,07/12/2023,"Yêu cầu kinh nghiệm","Chuyên viên- nhân viên","8 - 11 triệu","Cao đẳng",https://cdn1.vieclam24h.vn/images/default/2022/04/25/images/165087488293.png
106,"Nhân Viên Kinh Doanh Phần Mềm","CÔNG TY CỔ PHẦN HOSCO VIỆT NAM","Hà Nội",03-12-2023,"Dưới 1 năm","Nhân Viên","10 - 20 triệu","Đang cập nhật",https://cdn1.123job.vn/123job/uploads/2023/02/07/2023_02_07______0638e73c71305c4be9a0c624b7d18e6c.jpg
107,"Tester - Chuyên Viên Kiểm Thử Phần Mềm","Công ty cổ phần ITS GLOBAL","Hà Nội",21-12-2023,"2 năm","Nhân Viên","13 - 22 triệu","Đang cập nhật",https://cdn1.123job.vn/123job/uploads/2023/02/07/2023_02_07______8f4b27c56d63569a11511e197e3d44ef.jpg
108,"Nhân Viên Kinh Doanh Phần Mềm","Công ty Cổ Phần Salemall","Hà Nội",13-12-2023,"1 năm","Nhân Viên","15 - 30 triệu","Đang cập nhật",https://cdn1.123job.vn/123job/uploads/2023/02/07/2023_02_07______6bb73d80296cbebcb724d587bfddf4b8.jpg
109,"Nhân Viên Sale Phần Mềm Bán Hàng","Công ty TNHH Mediastep Software VN","Hà Nội",20-12-2023,"Dưới 1 năm","Nhân Viên","10 - 20 triệu","Đang cập nhật",https://cdn1.123job.vn/123job/uploads/2023/03/29/2023_03_29______d5607e2a8f1addb5ec563965c4b80b99.png
110,"Nhân Viên Kinh Doanh Phần Mềm Bán Hàng","CÔNG TY TNHH MEDIASTEP SOFTWARE VIỆT NAM","Hà Nội",20-12-2023,"Dưới 1 năm","Nhân Viên","15 - 30 triệu","Đang cập nhật",https://cdn1.123job.vn/123job/uploads/2023/02/07/2023_02_07______a8b2e9f1fd8ae66b0cbd6e32d5a49a2c.jpg
111,"Nhân Viên Hành Chính - Nam Từ Liêm","Công ty Cổ Phần Vinhomes","Hà Nội",31/12/2023,"Yêu cầu kinh nghiệm","2 tháng","9 - 11 triệu","Trung cấp",https://cdn1.vieclam24h.vn/images/old_employer_avatar/images/e156f68da2d12b1485d4579e86d10f10_4876858_vieclam24h_1581913790.png
112,"Nhân Viên Thu Tiền Điện, Điện Thoại, Nước Và Internet","Công Ty CP Tập Đoàn Bee Việt",TP.HCM,09/12/2023,"Yêu cầu kinh nghiệm","Chuyên viên- nhân viên","8 - 12 triệu","Trung học",https://cdn1.vieclam24h.vn/images/employer_avatar/2023/08/17/Screenshot_1_169224164260.png
113,"Nhân Viên Truyền Thông","Công Ty CP Dịch Vụ Bảo Vệ Ngân Hàng Á Châu",TP.HCM,06/12/2023,"Yêu cầu kinh nghiệm","2 tháng","8 - 10 triệu","Cao đẳng",https://cdn1.vieclam24h.vn/upload/files_cua_nguoi_dung/logo/2020/09/29/5066260_vieclam24h_1601342394.jpg
114,"Nhân Viên Kinh Doanh","Công Ty Cổ Phần Chuyển Phát Nhanh Vip","Hà Nội",28/11/2023,"Yêu cầu kinh nghiệm","2 tháng","8 - 12 triệu","Trung cấp",/img/vieclam24h_logo_customer.jpg
115,"Nhân Viên Kinh Doanh","Công Ty Cổ Phần Đầu Tư Thương Mại Phát Triển Nhất Tín - Chi Nhánh Đồng Nai","Đồng Nai",30/11/2023,"Yêu cầu kinh nghiệm","02 tháng","7 - 20 triệu","Trung cấp",https://cdn1.vieclam24h.vn/images/default/2020/12/04/images/img_vieclam24h_vn_160706989469.png
116,"Nhân viên tư vấn phần mềm (mức lương 10 - 15 triệu)","Hoàng Hoàng","Quận Lê Chân, Hải Phòng",13-01-2024,"2 năm kinh nghiệm","Nhân Viên","10 - 15 triệu","Đang cập nhật",/images/no_company.png
117,"Nhân Viên Sale - Demo Phần Mềm","Mediastep Software VN","Hà Nội",21-12-2023,"1 năm","Nhân Viên","8 - 20 triệu","Đang cập nhật",https://cdn1.123job.vn/123job/uploads/2023/02/09/2023_02_09______d4f18c754bee7f6baf7281be164966db.png
118,"[Việc làm] kỹ thuật phần mềm 2 - 3.5 triệu","Thu Trang NT","Bình Dương",14-12-2023,"Đang cập nhật","Nhân Viên","2 - 3.5 triệu","Đang cập nhật",/images/no_company.png
119,"Nhân Viên Kinh Doanh Phần Mềm","CÔNG TY CỔ PHẦN HOSCO VIỆT NAM","Hà Nội",03-12-2023,"Dưới 1 năm","Nhân Viên","10 - 20 triệu","Đang cập nhật",https://cdn1.123job.vn/123job/uploads/2023/02/07/2023_02_07______0638e73c71305c4be9a0c624b7d18e6c.jpg
120,"Chuyên Viên Kinh Doanh Phần Mềm Bán Hàng",IPOS.vn,"Hải Phòng",21-12-2023,"Không yêu cầu kinh nghiệm","Nhân Viên","12 - 20 triệu","Đang cập nhật",https://cdn1.123job.vn/123job/uploads/2023/02/07/2023_02_07______336088e1404763e2d1898d7d4627a5b3.jpg
121,"Thực Tập Sinh Ai Engineer","Công Ty Cổ Phần Phần Mềm Hoàn Cầu",TP.HCM,31/12/2023,"Yêu cầu kinh nghiệm","Cộng tác viên","0.1 - 1 triệu","Đại học",https://cdn1.vieclam24h.vn/tvn/asset/home/img/employer/56eb814cccfb1_1458274636.jpg
122,"Nhân Viên Kinh Doanh Phần Mềm","Công Ty Cổ Phần Định Gia Nét",TP.HCM,22/12/2023,"Yêu cầu kinh nghiệm","2 tháng","9 - 20 triệu","Cao đẳng",https://cdn1.vieclam24h.vn/upload/files_cua_nguoi_dung/logo/2020/04/27/2465841_vieclam24h_1587953955.png
123,"Lập Trình Viên","Công Ty TNHH Smallpin Logistics Vietnam","Hà Nội",10/12/2023,"Yêu cầu kinh nghiệm","2 tháng","15 - 25 triệu","Đại học","https://cdn1.vieclam24h.vn/images/default/2023/11/21/logo công ty_170055778886.jpg"
124,"Thực Tập Sinh Lập Trình Phần Mềm","Văn Phòng Đại Diện Quận Bình Thạnh- Công Ty Cổ Phần Nhà Ann Home",TP.HCM,05/01/2024,"Yêu cầu kinh nghiệm","Cộng tác viên","2 - 5 triệu","Cao đẳng",https://cdn1.vieclam24h.vn/images/employer_avatar/2023/07/27/z4551940782458_b7c80eff778ab72e03f98898a83b3c26_169044475585.jpg
125,"Nhân Viên IT","Công Ty Cổ Phần Đầu Tư & Phát Triển Tiến Bộ",TP.HCM,22/12/2023,"Yêu cầu kinh nghiệm","02 tháng","15 - 30 triệu","Cao đẳng",https://cdn1.vieclam24h.vn/images/default/2022/05/19/images/165293456525.jpeg
126,"Nhân viên tư vấn phần mềm (mức lương 10 - 15 triệu)","Hoàng Hoàng","Quận Lê Chân, Hải Phòng",13-01-2024,"2 năm kinh nghiệm","Nhân Viên","10 - 15 triệu","Đang cập nhật",/images/no_company.png
127,"[Việc làm] kỹ thuật phần mềm 2 - 3.5 triệu","Thu Trang NT","Bình Dương",14-12-2023,"Đang cập nhật","Nhân Viên","2 - 3.5 triệu","Đang cập nhật",/images/no_company.png
128,"Nhân Viên Kinh Doanh Ô Tô Đã Qua Sử DụngCty Cổ Phần Ô Tô Việt Hàn","Cty Cổ Phần Ô Tô Việt Hàn","Thủ Đức, Hồ Chí Minh",20-02-2024,"1 năm kinh nghiệm","Nhân Viên","Cập nhật","Đang cập nhật",/images/no_company.png
129,"Phiên Dịch Tiếng HànCông ty Cổ phần Đầu tư VJC","Công Ty Cổ Phần Đầu Tư VJC","Từ Sơn, Bắc Ninh",20-02-2024,"Dưới 1 năm","Nhân Viên","17 - 21 triệu","Đang cập nhật",/images/no_company.png
130,"Nhân Viên Sale - Demo Phần Mềm","Mediastep Software VN","Hà Nội",21-12-2023,"1 năm","Nhân Viên","8 - 20 triệu","Đang cập nhật",https://cdn1.123job.vn/123job/uploads/2023/02/09/2023_02_09______d4f18c754bee7f6baf7281be164966db.png
131,"Thực Tập Sinh Ai Engineer","Công Ty Cổ Phần Phần Mềm Hoàn Cầu",TP.HCM,31/12/2023,"Yêu cầu kinh nghiệm","Cộng tác viên","0.1 - 1 triệu","Đại học",https://cdn1.vieclam24h.vn/tvn/asset/home/img/employer/56eb814cccfb1_1458274636.jpg
132,"Nhân Viên Kinh Doanh Phần Mềm","Công Ty Cổ Phần Định Gia Nét",TP.HCM,22/12/2023,"Yêu cầu kinh nghiệm","2 tháng","9 - 20 triệu","Cao đẳng",https://cdn1.vieclam24h.vn/upload/files_cua_nguoi_dung/logo/2020/04/27/2465841_vieclam24h_1587953955.png
133,"Lập Trình Viên","Công Ty TNHH Smallpin Logistics Vietnam","Hà Nội",10/12/2023,"Yêu cầu kinh nghiệm","2 tháng","15 - 25 triệu","Đại học","https://cdn1.vieclam24h.vn/images/default/2023/11/21/logo công ty_170055778886.jpg"
134,"Thực Tập Sinh Lập Trình Phần Mềm","Văn Phòng Đại Diện Quận Bình Thạnh- Công Ty Cổ Phần Nhà Ann Home",TP.HCM,05/01/2024,"Yêu cầu kinh nghiệm","Cộng tác viên","2 - 5 triệu","Cao đẳng",https://cdn1.vieclam24h.vn/images/employer_avatar/2023/07/27/z4551940782458_b7c80eff778ab72e03f98898a83b3c26_169044475585.jpg
135,"Nhân Viên IT","Công Ty Cổ Phần Đầu Tư & Phát Triển Tiến Bộ",TP.HCM,22/12/2023,"Yêu cầu kinh nghiệm","02 tháng","15 - 30 triệu","Cao đẳng",https://cdn1.vieclam24h.vn/images/default/2022/05/19/images/165293456525.jpeg
136,"BrSE (Bridge Software Engineer, Japanese)",OCG,"Đống Đa, Hà Nội",22-12-2023,"Đang cập nhật","Nhân Viên","Cập nhật","Đang cập nhật",/images/no_company.png
137,"Kỹ Sư Phần Mềm (PHP, Wordpress, Shopify, Javascript)","CÔNG TY TNHH THƯƠNG MẠI VÀ DỊCH VỤ OZOVN","Hai Bà Trưng, Hà Nội",16-12-2023,"Đang cập nhật","Nhân Viên","Cập nhật","Đang cập nhật",https://cdn1.123job.vn/123job/uploads/2023/02/09/2023_02_09______a72e88213e44be188d7935e44ddc5f9a.jpg
138,"Nhân viên tư vấn phần mềm (mức lương 10 - 15 triệu)","Hoàng Hoàng","Quận Lê Chân, Hải Phòng",13-01-2024,"2 năm kinh nghiệm","Nhân Viên","10 - 15 triệu","Đang cập nhật",/images/no_company.png
139,"[Việc làm] kỹ thuật phần mềm 2 - 3.5 triệu","Thu Trang NT","Bình Dương",14-12-2023,"Đang cập nhật","Nhân Viên","2 - 3.5 triệu","Đang cập nhật",/images/no_company.png
140,"Nhân Viên Kinh Doanh Ô Tô Đã Qua Sử DụngCty Cổ Phần Ô Tô Việt Hàn","Cty Cổ Phần Ô Tô Việt Hàn","Thủ Đức, Hồ Chí Minh",20-02-2024,"1 năm kinh nghiệm","Nhân Viên","Cập nhật","Đang cập nhật",/images/no_company.png
141,"Thực Tập Sinh Ai Engineer","Công Ty Cổ Phần Phần Mềm Hoàn Cầu",TP.HCM,31/12/2023,"Yêu cầu kinh nghiệm","Cộng tác viên","0.1 - 1 triệu","Đại học",https://cdn1.vieclam24h.vn/tvn/asset/home/img/employer/56eb814cccfb1_1458274636.jpg
142,"Nhân Viên Kinh Doanh Phần Mềm","Công Ty Cổ Phần Định Gia Nét",TP.HCM,22/12/2023,"Yêu cầu kinh nghiệm","2 tháng","9 - 20 triệu","Cao đẳng",https://cdn1.vieclam24h.vn/upload/files_cua_nguoi_dung/logo/2020/04/27/2465841_vieclam24h_1587953955.png
143,"Lập Trình Viên","Công Ty TNHH Smallpin Logistics Vietnam","Hà Nội",10/12/2023,"Yêu cầu kinh nghiệm","2 tháng","15 - 25 triệu","Đại học","https://cdn1.vieclam24h.vn/images/default/2023/11/21/logo công ty_170055778886.jpg"
144,"Thực Tập Sinh Lập Trình Phần Mềm","Văn Phòng Đại Diện Quận Bình Thạnh- Công Ty Cổ Phần Nhà Ann Home",TP.HCM,05/01/2024,"Yêu cầu kinh nghiệm","Cộng tác viên","2 - 5 triệu","Cao đẳng",https://cdn1.vieclam24h.vn/images/employer_avatar/2023/07/27/z4551940782458_b7c80eff778ab72e03f98898a83b3c26_169044475585.jpg
145,"Nhân Viên IT","Công Ty Cổ Phần Đầu Tư & Phát Triển Tiến Bộ",TP.HCM,22/12/2023,"Yêu cầu kinh nghiệm","02 tháng","15 - 30 triệu","Cao đẳng",https://cdn1.vieclam24h.vn/images/default/2022/05/19/images/165293456525.jpeg
146,"Senior Software Engineer (.NET/DevOps/English)",IDealogic,"Quận 3, Hồ Chí Minh",07-12-2023,"Đang cập nhật","Nhân Viên","Cập nhật","Đang cập nhật",/images/no_company.png
147,"Full-stack Software Engineer, Travel","Ascenda Loyalty","Thủ Đức, Hồ Chí Minh",27-12-2023,"Đang cập nhật","Nhân Viên","Cập nhật","Đang cập nhật",/images/no_company.png
148,"BrSE (Bridge Software Engineer, Japanese)",OCG,"Đống Đa, Hà Nội",22-12-2023,"Đang cập nhật","Nhân Viên","Cập nhật","Đang cập nhật",/images/no_company.png
149,"Kỹ Sư Phần Mềm (PHP, Wordpress, Shopify, Javascript)","CÔNG TY TNHH THƯƠNG MẠI VÀ DỊCH VỤ OZOVN","Hai Bà Trưng, Hà Nội",16-12-2023,"Đang cập nhật","Nhân Viên","Cập nhật","Đang cập nhật",https://cdn1.123job.vn/123job/uploads/2023/02/09/2023_02_09______a72e88213e44be188d7935e44ddc5f9a.jpg
150,"Nhân viên tư vấn phần mềm (mức lương 10 - 15 triệu)","Hoàng Hoàng","Quận Lê Chân, Hải Phòng",13-01-2024,"2 năm kinh nghiệm","Nhân Viên","10 - 15 triệu","Đang cập nhật",/images/no_company.png
151,"Nhân Viên Video Editor - Tại Gò Vấp (Đi Làm Ngay)","Công Ty TNHH MTV Old Sailor",TP.HCM,30/12/2023,"Yêu cầu kinh nghiệm","Chuyên viên- nhân viên","10 - 12 triệu","Cao đẳng",https://cdn1.vieclam24h.vn/asset/home/img/employer/5e43b7b9a938e_1581496249.jpg
152,"[HCM] Digital Executive (Seasonal Contract - 6 Months).","Công Ty TNHH Pizza Việt Nam",TP.HCM,25/12/2023,"Yêu cầu kinh nghiệm","Chuyên viên- nhân viên","13 - 15 triệu","Cao đẳng",https://cdn1.vieclam24h.vn/images/employer_avatar/2021/11/12/images/163671059267.png
153,"Software Engineering","Công Ty TNHH Công Nghệ Startech Ai","Cần Thơ",10/12/2023,"Yêu cầu kinh nghiệm","1 tháng","10 - 20 triệu","Đại học",https://cdn1.vieclam24h.vn/images/default/2023/10/13/icon_169716538549.png
154,"Thực Tập Sinh Lập Trình App Tại Hà Nội","Công Ty Cổ Phần Dịch Vụ Và Địa Ốc Đất Xanh Miền Bắc","Hà Nội",20/12/2023,"Yêu cầu kinh nghiệm","1 tháng","3 - 5 triệu","Cao đẳng",https://cdn1.vieclam24h.vn/images/default/2022/08/16/images/166063435762.jpeg
155,"Nhân Viên Lập Trình App Tại Hà Nội","Công Ty Cổ Phần Dịch Vụ Và Địa Ốc Đất Xanh Miền Bắc","Hà Nội",20/12/2023,"Yêu cầu kinh nghiệm","1 tháng","8 - 15 triệu","Cao đẳng",https://cdn1.vieclam24h.vn/images/default/2022/08/16/images/166063435762.jpeg
156,"Kỹ Thuật Viên Sữa Chữa ĐồngCty Cổ Phần Ô Tô Việt Hàn","Cty Cổ Phần Ô Tô Việt Hàn","Thủ Đức, Hồ Chí Minh",21-02-2024,"1 năm kinh nghiệm","Nhân Viên","Cập nhật","Đang cập nhật",/images/no_company.png
157,"Remote Backend Software Engineer (Python/NoSQL)",Shodan,"Hồ Chí Minh",18-12-2023,"Đang cập nhật","Nhân Viên","Cập nhật","Đang cập nhật",/images/no_company.png
158,"Phó Giám Đốc Phụ Trách BIM Của Phần Công Trình Xây Dựng (Civil Works)","Công Ty Cổ Phần Tập Đoàn Đèo Cả","Hà Nội; Hồ Chí Minh",31-12-2023,"4 năm","Phó Giám Đốc","30 - 40 triệu","Đang cập nhật",https://cdn1.123job.vn/123job/uploads/2023/02/07/2023_02_07______8c00b59eef8088d560cd9cb8825e757e.png
159,"Phó Giám Đốc Phụ Trách BIM Của Phần M-E-P","Công Ty Cổ Phần Tập Đoàn Đèo Cả","Hà Nội; Hồ Chí Minh",31-12-2023,"4 năm","Phó Giám Đốc","30 - 40 triệu","Đang cập nhật",https://cdn1.123job.vn/123job/uploads/2023/02/07/2023_02_07______8c00b59eef8088d560cd9cb8825e757e.png
160,"Full-Stack Software Engineer","Công ty công nghệ EFAS","Hà Nội; Hồ Chí Minh",21-12-2023,"3 năm","Nhân Viên","Cập nhật","Đang cập nhật",/images/no_company.png
161,"Nhân Viên Phát Triển Kinh Doanh (Business Development Executive)","Công Ty TNHH Công Nghệ Innomize",TP.HCM,30/11/2023,"Yêu cầu kinh nghiệm","2 tháng","7 - 18 triệu","Đại học",https://cdn1.vieclam24h.vn/images/employer_avatar/2021/09/06/images/163091959012.jpeg
162,"Hasaki System Engineer","Công Ty Cổ Phần Hasaki Beauty & Clinic",TP.HCM,16/12/2023,"Yêu cầu kinh nghiệm","Chuyên gia","15 - 45 triệu","Trung cấp","https://cdn1.vieclam24h.vn/images/employer_avatar/2023/11/15/Thiết kế chưa có tên (89)_170003854694.png"
163,"Business Development Executive","Công Ty Cổ Phần Công Nghệ Var Meta","Hà Nội",30/11/2023,"Yêu cầu kinh nghiệm","2 tháng","7 - 15 triệu","Cao đẳng",/img/vieclam24h_logo_customer.jpg
164,"Viettel Kiên Giang -  Nhân Viên Kinh Doanh Giải Pháp CNTT","Viettel Kiên Giang","Kiên Giang",16/12/2023,"Yêu cầu kinh nghiệm","2 tháng","10 - 20 triệu","Đại học","https://cdn1.vieclam24h.vn/images/employer_avatar/2023/03/31/lg vt_168025561073.jpg"
165,"Nhân Viên Thiết Kế Đồ Họa / Graphic Designer","Công Ty Cổ Phần Irace",TP.HCM,07/12/2023,"Yêu cầu kinh nghiệm","2 tháng","10 - 15 triệu","Chứng chỉ",https://cdn1.vieclam24h.vn/images/employer_avatar/2023/11/23/9545e4ceee8547db1e94_170070688021.jpg
166,"Senior Software Engineer (Python/ Golang/ NodeJS)","Athena Studio","Tân Bình, Hồ Chí Minh",27-11-2023,"Đang cập nhật","Nhân Viên","Cập nhật","Đang cập nhật",https://cdn1.123job.vn/123job/uploads/2023/02/07/2023_02_07______4053819118a9a970b9f4e761f0ee3a72.png
167,"Senior Embedded Software Engineer (C++) - US Client","HCL Vietnam Company Limited","Bắc Từ Liêm, Hà Nội",24-11-2023,"Đang cập nhật","Nhân Viên",730,"Đang cập nhật",/images/no_company.png
168,"Cộng Tác Viên Kinh Doanh Phần Mềm Quản Lý Bán Hàng","Công Ty Cổ Phần Công Nghệ Sapo","Hà Nội",21-12-2023,"Không yêu cầu kinh nghiệm","Nhân Viên","7 - 10 triệu","Đang cập nhật",https://cdn1.123job.vn/123job/uploads/2023/02/07/2023_02_07______89ccd0719f527b32cbf472f8b28e7e57.jpg
169,"Chuyên Viên Kinh Doanh B2B Phần Mềm Quản Lí","CÔNG TY TNHH MEDIASTEP SOFTWARE VIỆT NAM","Hà Nội",30-12-2023,"Dưới 1 năm","Nhân Viên","10 triệu","Đang cập nhật",https://cdn1.123job.vn/123job/uploads/2023/02/07/2023_02_07______a8b2e9f1fd8ae66b0cbd6e32d5a49a2c.jpg
170,"Nhân Viên Kinh Doanh Phần Mềm - Đi Làm Ngay - Thu Nhập Từ 8 Triệu - 35 Triệu / Tháng","CÔNG TY CỔ PHẦN HOSCO VIỆT NAM","Hà Nội",20-12-2023,"1 năm","Nhân Viên","8 - 35 triệu","Đang cập nhật",https://cdn1.123job.vn/123job/uploads/2023/02/07/2023_02_07______0638e73c71305c4be9a0c624b7d18e6c.jpg
171,"Nhân Viên Thiết Kế Nội Thất (Ngành Gỗ)","Công Ty TNHH Scansia Pacific","Đồng Nai",30/12/2023,"Yêu cầu kinh nghiệm","2 tháng","12 - 20 triệu","Đại học",https://cdn1.vieclam24h.vn/upload/files_cua_nguoi_dung/logo/2020/05/12/3288969_vieclam24h_1589249422.png
172,"Nhân Viên Kỹ Thuật","Công Ty TNHH Thiết Bị Btn Việt Nam","Hà Nội",15/12/2023,"Yêu cầu kinh nghiệm","Chuyên viên- nhân viên","5 - 12 triệu","Trung cấp",https://cdn1.vieclam24h.vn/tvn/images/old_employer_avatar/images/5b17f58182b36dd71b25e17bfda8ac6a_5ad57018030bb_1523937304.png
173,"Website Development Executive","Công Ty TNHH MTV Thương Mại Truyền Thông Nd","Hà Nội",01/12/2023,"Yêu cầu kinh nghiệm","2 tháng","9 - 13 triệu","Đại học",https://cdn1.vieclam24h.vn/images/default/2022/08/23/images/166124467722.jpeg
174,"Kỹ Sư Lập Trình","Công ty TNHH Công nghệ Việt","Hà Nội",30/11/2023,"Yêu cầu kinh nghiệm","02 tháng","15 - 25 triệu","Đại học",https://cdn1.vieclam24h.vn/images/default/2023/07/04/512x512bb_168844658970.jpg
175,"Nhân Viên Kinh Doanh","Công Ty TNHH Phát Triển Và Ứng Dụng Công Nghệ Tin Học Hitech","Thanh Hóa",09/12/2023,"Yêu cầu kinh nghiệm","1 tháng","10 - 20 triệu","Cao đẳng",https://cdn1.vieclam24h.vn/upload/files_cua_nguoi_dung/logo/2018/03/04/1520097335_images.png
176,"Nhân Viên Tư Vấn Chốt Đơn Phần Mềm","Công ty TNHH Mediastep Software VN","Hà Nội",20-12-2023,"Dưới 1 năm","Nhân Viên","8 - 20 triệu","Đang cập nhật",https://cdn1.123job.vn/123job/uploads/2023/03/29/2023_03_29______d5607e2a8f1addb5ec563965c4b80b99.png
177,"Nhân Viên Tư Vấn Phần Mềm (Được Đào Tạo)","CÔNG TY TNHH MEDIASTEP SOFTWARE VIỆT NAM","Hà Nội",21-12-2023,"Dưới 1 năm","Nhân Viên","15 triệu","Đang cập nhật",https://cdn1.123job.vn/123job/uploads/2023/02/07/2023_02_07______a8b2e9f1fd8ae66b0cbd6e32d5a49a2c.jpg
178,"KỸ THUẬT PHẦN CỨNG MÁY TÍNH – MẠNG –MÁY IN","CÔNG TY TNHH THƯƠNG MẠI VÀ DỊCH VỤ HỒNG HÀ","Quảng Ngãi",29-12-2023,"Dưới 1 năm","Nhân Viên","Cập nhật","Trung Học",/images/no_company.png
179,"Nhân Viên Kinh Doanh / Tư Vấn Phần Mềm Bán Hàng","CÔNG TY TNHH MEDIASTEP SOFTWARE VIỆT NAM","Hà Nội",14-12-2023,"1 năm","Nhân Viên","10 - 30 triệu","Đang cập nhật",https://cdn1.123job.vn/123job/uploads/2023/02/07/2023_02_07______a8b2e9f1fd8ae66b0cbd6e32d5a49a2c.jpg
180,"IT Quản Lý Phần Mềm/Phần Cứng","CÔNG TY TNHH SAMSUNG ELECTRONICS VIỆT NAM","Hà Nội",04-01-2024,"Trên 1 năm","Nhân Viên","18 - 25 triệu","Đang cập nhật",https://cdn1.123job.vn/123job/uploads/2023/02/09/2023_02_09______035ae1309b744a25618dec8c724f6f44.jpeg
181,"Nhân Viên IT Support/ Helpdesk - Phần Cứng","CÔNG TY TNHH THƯƠNG MẠI SẢN XUẤT HẢI NAM","Phan Thiết, Bình Thuận",28-12-2023,"Trên 1 năm","Nhân Viên","Cập nhật","Đang cập nhật",https://cdn1.123job.vn/123job/uploads/2023/02/07/2023_02_07______44b9cc449debef3468924b81bdb678dd.jpg
182,"Nhân Viên Triển Khai Phần Mềm","Công Ty TNHH Dosoftpro","Quận 2, Hồ Chí Minh",25-12-2023,"Không yêu cầu","Nhân Viên","Cập nhật","Đang cập nhật",/images/no_company.png
183,"Trưởng Chuyền Sản XuấtCông ty Cổ phần Đầu tư VJC","Công Ty Cổ Phần Đầu Tư VJC","Bắc Ninh",21-02-2024,"1 năm kinh nghiệm","Nhân Viên","13 - 15 triệu","Đang cập nhật",/images/no_company.png
184,"Mobile Software Engineer (React Native/ iOS/ Android)",IDealogic,"Quận 3, Hồ Chí Minh",27-11-2023,"Đang cập nhật","Nhân Viên","Cập nhật","Đang cập nhật",/images/no_company.png
185,"Thực Tập Sinh Hỗ Trợ Kinh Doanh","Công Ty Cổ Phần Đầu Tư Thương Mại Và Phát Triển Công Nghệ FSI",TP.HCM,25/12/2023,"Yêu cầu kinh nghiệm","Chuyên viên- nhân viên","1 - 2 triệu","Cao đẳng",https://cdn1.vieclam24h.vn/tvn/asset/home/img/employer/5d8064781f7a1_1568695416.png
186,"Thực Tập Sinh Kỹ Thuật","Công Ty TNHH Thương Mại Và Công Nghệ A To Z","Hà Nội",10/12/2023,"Yêu cầu kinh nghiệm","Chuyên viên- nhân viên","3 - 6 triệu","Cao đẳng",https://cdn1.vieclam24h.vn/images/old_employer_avatar/images/0fd5a950ae837667820fb41495aa4642_1523608462_logo.png
187,"Nhân Viên IT Và Web (Phần Cứng)","Công Ty TNHH Synopex Việt Nam","Bắc Ninh",20-12-2023,"Đang cập nhật","Nhân Viên","Cập nhật","Đang cập nhật",https://cdn1.123job.vn/123job/uploads/2023/02/07/2023_02_07______f5c0a777116956e99b462360e2d01976.jpg
188,"Principal Software Engineer (PHP/NodeJS)","Global Fashion Group","Quận 4, Hồ Chí Minh",20-12-2023,"Đang cập nhật","Nhân Viên","Cập nhật","Đang cập nhật",/images/no_company.png
189,"[H&A] C++ Software Engineer","LG Electronics Development Vietnam (LGEDV)","Nam Từ Liêm, Hà Nội",13-12-2023,"Đang cập nhật","Nhân Viên","Cập nhật","Đang cập nhật",/images/no_company.png
190,"Software Engineer (JS/C,C++/PHP/Java/HTML/Linux)","Samsung Electronics HCMC CE Complex","Thủ Đức, Hồ Chí Minh",27-12-2023,"Đang cập nhật","Nhân Viên","Cập nhật","Đang cập nhật",/images/no_company.png
191,"Bridge Software Engineer (Golang, Java, Japanese N2)","MONEY FORWARD VIETNAM CO.,LTD","Đống Đa, Hà Nội",30-11-2023,"Đang cập nhật","Nhân Viên","Cập nhật","Đang cập nhật",/images/no_company.png
192,"[Cần tuyển] marketing sàn Hà Nội mức lương 4 - 6 triệu","Quynh Anh","Hà Nội",19-12-2023,"Đang cập nhật","Nhân Viên","4 - 6 triệu","Đang cập nhật",/images/no_company.png
193,"[Quận 10] Cần tuyển nhanh content marketing","Vi Thư","Quận 10, Hồ Chí Minh",02-01-2024,"2 năm kinh nghiệm","Nhân Viên","Cập nhật","Đang cập nhật",/images/no_company.png
194,"Phó Phòng Marketing (Mạnh Content, Thiết Kế)","Công ty cổ phần OHF","Cầu Giấy, Hà Nội",31-12-2023,"1 - 2 năm","Nhân Viên","17 - 25 triệu","Đang cập nhật",https://cdn1.123job.vn/123job/uploads/2023/02/07/2023_02_07______19b611dfedb11308a678ef3a22f2e46a.jpg
195,"Nhân Viên Digital Marketing","Công Ty Cổ Phần Kinh Doanh Thương Mại Điện Tử VNE","Cầu Giấy, Hà Nội",15-01-2024,"Dưới 1 năm","Nhân Viên","Cập nhật","Đang cập nhật",https://cdn1.123job.vn/123job/uploads/2023/02/07/2023_02_07______34343ae7ecd421bd4d4bfa95e3bc9230.jpg
196,"Nhân Viên Marketing Mảng Công Nghệ AI Và Robots","CÔNG TY CỔ PHẦN TẬP ĐOÀN ĐẤT VIỆT","Thanh Xuân, Hà Nội",28-12-2023,"1 - 2 năm","Nhân Viên","Cập nhật","Đang cập nhật",/images/no_company.png
197,"Trưởng Nhóm Marketing","Công Ty Cổ Phần Sơn Danifor Việt Nam","Hoàn Kiếm, Hà Nội",23-12-2023,"1 - 2 năm","Nhân Viên","15 - 20 triệu","Đang cập nhật",https://cdn1.123job.vn/123job/uploads/2023/11/17/2023_11_17______f532559551ab2fdd9ccf946661e646dc.jpg
198,"Thực Tập Sinh Tiếp Thị (Marketing Intern)","SEAMT co., Ltd","Đống Đa, Hà Nội",17-12-2023,"Không yêu cầu","Nhân Viên","1000 - 3000 nghìn/tuần","Đang cập nhật",/images/no_company.png
199,"Nhân Viên Marketing Ads (Lương Từ 10 - 15TR)","Công Ty TNHH Grace Box","Quận 3, Hồ Chí Minh",13-01-2024,"1 - 2 năm","Nhân Viên","10 - 15 triệu","Đang cập nhật",https://cdn1.123job.vn/123job/uploads/2023/07/31/2023_07_31______3b5c4ef9cc4d49d4281510a0700b440b.jpg
200,"Digital Marketing (Thu Nhập Từ 15 - 20TR)","Công ty TNHH Tập đoàn Bệnh viện thẩm mỹ JK Nhật Hàn","Quận 1, Hồ Chí Minh",14-01-2024,"Trên 1 năm","Nhân Viên","15 - 20 triệu","Đang cập nhật",https://cdn1.123job.vn/123job/uploads/2023/04/13/2023_04_13______53681d85de15af3941175f7108fbcead.jpg
201,"Marketing Design","Công ty cổ phần Quốc tế Battech","Hoàng Mai, Hà Nội",04-01-2024,"2 - 5 năm","Nhân Viên","10 - 15 triệu","Đang cập nhật",https://cdn1.123job.vn/123job/uploads/2023/02/07/2023_02_07______ea62bb8bf5286cad0c5246470a9cc3a8.jpg
202,"Nhân viên Marketing","Công Ty CP Thiết Bị Chuyên Dụng Và Chuyển Giao Công Nghệ","Hà Đông, Hà Nội",02-01-2024,"Dưới 5 năm","Nhân Viên","Cập nhật","Đang cập nhật",https://cdn1.123job.vn/123job/uploads/2023/11/06/2023_11_06______6c379cdc2fc6436452b6626fecc35cbc.jpg
203,"Nhân Viên SEO Marketing","Công Ty TNHH Sản Xuất Thương Mại Và Xuất Nhập Khẩu Gia Khánh","Đống Đa, Hà Nội",22-01-2024,"Dưới 1 năm","Nhân Viên","9 - 12 triệu","Đang cập nhật",https://cdn1.123job.vn/123job/uploads/2023/04/20/2023_04_20______db2763f28d9e3dd9b2f81c5934ec0804.jpg
204,"Nhân Viên Digital Marketing","CÔNG TY TNHH BỆNH VIỆN RĂNG HÀM MẶT THẨM MỸ PARIS","Hai Bà Trưng, Hà Nội",11-12-2023,"Trên 2 năm","Nhân Viên","13 - 15 triệu","Đang cập nhật",https://cdn1.123job.vn/123job/uploads/2023/03/15/2023_03_15______a77f8d08415dd34ff35132cbf782ec6f.jpg
205,"Trưởng Nhóm Content Marketing","Công ty cổ phần OHF","Cầu Giấy, Hà Nội",10-01-2024,"1 - 2 năm","Nhân Viên","15 - 17 triệu","Đang cập nhật",https://cdn1.123job.vn/123job/uploads/2023/02/07/2023_02_07______19b611dfedb11308a678ef3a22f2e46a.jpg
206,"Nhân Viên Kinh Doanh Sales - Marketing Tại Đà Nẵng","Công Ty TNHH MTV Thiết Kế Và Xây Dựng Hạt Studio","Ngũ Hành Sơn, Đà Nẵng",07-01-2024,"1 - 3 năm","Nhân Viên","6 - 10 triệu","Đang cập nhật",https://cdn1.123job.vn/123job/uploads/2023/04/03/2023_04_03______fa85a5e61b61120499d9c8084d0d9c4b.jpg
207,"Nhân Viên 3 Digital Marketing,","CÔNG TY TNHH ĐẦU TƯ VÀ PHÁT TRIỂN MINGROUP","Biên Hòa, Đồng Nai",05-01-2024,"Đang cập nhật","Nhân Viên","5 - 8 triệu","Đang cập nhật",/images/no_company.png
208,"3 Bạn Content Marketing","CÔNG TY TNHH ĐẦU TƯ VÀ PHÁT TRIỂN MINGROUP","Biên Hòa, Đồng Nai",06-01-2024,"Đang cập nhật","Nhân Viên","5 - 7 triệu","Đang cập nhật",/images/no_company.png
209,"Nhân Viên Content Marketing Ô Tô","Công ty Cổ phần AHCOM Việt Nam","Long Biên, Hà Nội",31-12-2023,"Từ 6 tháng","Nhân Viên","Cập nhật","Đang cập nhật",https://cdn1.123job.vn/123job/uploads/2023/03/03/2023_03_03______0ddab24f29a28a7bf0f73a9ebce2a34e.jpg
210,"Chuyên Viên Digital Marketing","Trim Solutions Group","Thủ Đức, Hồ Chí Minh",20-12-2023,"Từ 1 năm","Nhân Viên","Cập nhật","Đang cập nhật",/images/no_company.png
211,"Nhân Viên Content Marketing","CÔNG TY TNHH SX VÀ XNK AD-MART","Nam Từ Liêm, Hà Nội",21-12-2023,"Từ 1 năm","Nhân Viên","Cập nhật","Đang cập nhật",https://cdn1.123job.vn/123job/uploads/2023/07/31/2023_07_31______67cfcb047077dcdbdab366354af76389.jpg
212,"Nhân Viên Marketing","Công Ty TNHH Tư Vấn Thiết Kế Và Đồ Họa Kiến Trúc Artemis","Huế, Thừa Thiên Huế",22-01-2024,"1 - 5 năm","Nhân Viên","6 - 9 triệu","Đang cập nhật",/images/no_company.png
213,"Chuyên Viên Marketing","Công ty cổ phần Kim long","Kiến An, Hải Phòng",13-01-2024,"1 - 5 năm","Nhân Viên","8 - 12 triệu","Đang cập nhật",https://cdn1.123job.vn/123job/uploads/2023/07/31/2023_07_31______cbf2046b09df9c81a34b45d7294ca464.jpg
214,"Digital MarketingID&D Corporation","ID&D Corporation","Tân Bình, Hồ Chí Minh",21-02-2024,"Đang cập nhật","Nhân Viên","Cập nhật","Đang cập nhật",https://cdn1.123job.vn/123job/uploads/2023/07/31/2023_07_31______3351eb461574c87878978d14dd1c1eae.png
215,"Tuyển 1NV Marketing.1LD Biết Chạy Bagac Bao Ăn Ở","Shop sỉ lẻ chậu và cây cảnh","Tân Bình, Hồ Chí Minh",13-12-2023,"Đang cập nhật","Nhân Viên","7.5 - 12 triệu","Đang cập nhật",/images/no_company.png
216,"NHÂN VIÊN MARKETING","Công ty Cổ phần Dược liệu Việt Nam (Vietmec)","Hồ Chí Minh",21-12-2023,"Đang cập nhật","Nhân Viên","6 - 8 triệu","Đang cập nhật",/images/no_company.png
217,"TRƯỞNG NHÓM MARKETING","CÔNG TY TNHH CÁNH ĐỒNG VÀNG","Hồ Chí Minh",20-12-2023,"Đang cập nhật","Quản Đốc/ Giám Sát/ Tổ Trưởng","15 - 25 triệu","Đang cập nhật",https://cdn1.123job.vn/123job/uploads/2023/02/07/2023_02_07______a7c107023de7daf4c701b0bfd3048b09.jpg
218,"CHUYÊN VIÊN MARKETING","Công Ty CP Thương Mại Tư Vấn Và Xây Dựng Vĩnh Hưng","Hà Nội",30-11-2023,"Đang cập nhật","Nhân Viên","Cập nhật","Đang cập nhật",/images/no_company.png
219,"Nhân viên Marketing","CÔNG TY CỔ PHẦN VẬT LIỆU VĨNH TÂN","Hà Nội",20-12-2023,"Đang cập nhật","Nhân Viên","Cập nhật","Đang cập nhật",https://cdn1.123job.vn/123job/uploads/2023/02/07/2023_02_07______a372c3100704c565dea44c6333a0c5e9.jpg
220,"Thực Tập Sinh Content Marketing","Công Ty Cổ Phần Thủy Canh Miền Nam","Hồ Chí Minh",21-12-2023,"Đang cập nhật","Học Việc/ Thực Tập","8 - 16 triệu","Đang cập nhật",https://cdn1.123job.vn/123job/uploads/2023/04/29/2023_04_29______c46804387080766da64bb143bac52fd5.jpg
221,"Giáo Viên Tin Học - Đi Làm Ngay","Công Ty TNHH Tư Vấn & Đào Tạo Đại Dương",TP.HCM,23/12/2023,"Yêu cầu kinh nghiệm","2 tháng","8 - 20 triệu","Cao đẳng",https://cdn1.vieclam24h.vn/images/old_employer_avatar/images/ae935015fc215b11e0a97fd44fc6c0d7_1571131432_logocongtytnhhtuvandaotaodaiduong2.jpeg
222,"Web Developer (Thu Nhập Trên 12 Triệu)","Công Ty Cổ Phần Irace",TP.HCM,16/12/2023,"Yêu cầu kinh nghiệm","1.5 tháng","12 - 18 triệu","Đại học",https://cdn1.vieclam24h.vn/images/employer_avatar/2023/11/23/9545e4ceee8547db1e94_170070688021.jpg
223,"Chuyên Viên SEO Website","CÔNG TY LUẬT TNHH SÀI GÒN 48",TP.HCM,06/12/2023,"Yêu cầu kinh nghiệm","Chuyên viên- nhân viên","5 - 6 triệu","Cao đẳng",/img/vieclam24h_logo_customer.jpg
224,"[Hà Nội] trưởng nhóm marketing","La Donna","Hà Nội",12-01-2024,"Đang cập nhật","Nhân Viên","Cập nhật","Đang cập nhật",/images/no_company.png
225,"Nhân viên sale marketing Không yêu cầu kinh nghiệm","Công ty Điện lạnh XUÂN VŨ","Quận 12, Hồ Chí Minh",06-01-2024,"Không yêu cầu kinh nghiệm","Nhân Viên","Cập nhật","Đang cập nhật",/images/no_company.png
226,"Nhân Viên Digital Marketing","Công Ty TNHH Budding Bean Việt Nam","Nam Từ Liêm, Hà Nội",10-12-2023,"Không yêu cầu","Nhân Viên","Cập nhật","Đang cập nhật",https://cdn1.123job.vn/123job/uploads/2023/02/07/2023_02_07______ee8f35383d881d4873cd0830230c3bd0.jpg
227,"Chuyên Viên Hệ Thống IT","Công Ty TNHH Ami Group","Hà Nội",31/12/2023,"Yêu cầu kinh nghiệm","Chuyên viên- nhân viên","15 - 25 triệu","Đại học",https://cdn1.vieclam24h.vn/tvn/images/default/2021/06/16/images/162383519524.png
228,"Lập Trình Viên PHP / Laravel","CÔNG TY TNHH QUẢNG CÁO VÀ GIẢI PHÁP PHẦN MỀM TÂN GIA BA",TP.HCM,20/12/2023,"Yêu cầu kinh nghiệm","1 tháng","10 - 15 triệu","Cao đẳng",https://cdn1.vieclam24h.vn/tvn/images/old_employer_avatar/images/f334359ef7fae59db843e05f7636fc6e_5cd4d697ba93c_1557452439.png
229,"Nhân Viên Quản Lý Website","Công Ty TNHH You Golf",TP.HCM,31/12/2023,"Yêu cầu kinh nghiệm","2 tháng","10 - 20 triệu","Cao đẳng",/img/vieclam24h_logo_customer.jpg
230,"Nhân Viên IT - Đi Làm Ngay","Công Ty Cổ Phần Yds Việt Nam","Vĩnh Phúc",15/12/2023,"Yêu cầu kinh nghiệm","Chuyên viên- nhân viên","8 - 10 triệu","Cao đẳng",https://cdn1.vieclam24h.vn/images/employer_avatar/2020/11/16/images/160551080141.jpeg
231,"Nhân Viên IT Full Stack","Công Ty TNHH Lmching",TP.HCM,22/12/2023,"Yêu cầu kinh nghiệm","Chuyên viên- nhân viên","22 - 25 triệu","Cao đẳng",https://cdn1.vieclam24h.vn/images/default/2023/06/20/z4425588765498_d8eeebfc5e1251ac24657a5006a8ab8d_168722477224.jpg
232,"Technical Engineer – Kỹ Sư","Công Ty TNHH KD Quốc Tế","Hà Nội",31/12/2023,"Yêu cầu kinh nghiệm","Chuyên viên- nhân viên","13 - 15 triệu","Đại học",https://cdn1.vieclam24h.vn/images/default/2021/03/18/images/img_vieclam24h_vn_161606317696.jpeg
233,"Nhân Viên Kinh Doanh","Công Ty TNHH Công Nghệ Số Trung Nguyên","Hà Nội",31/12/2023,"Yêu cầu kinh nghiệm","01 tháng","6 - 20 triệu","Trung học",/img/vieclam24h_logo_customer.jpg
234,"Thực Tập Sinh Lập Trình Backend .Net","Công Ty Cổ Phần Phần Mềm Hoàn Cầu",TP.HCM,31/12/2023,"Yêu cầu kinh nghiệm","Cộng tác viên","0.1 - 1 triệu","Đại học",https://cdn1.vieclam24h.vn/tvn/asset/home/img/employer/56eb814cccfb1_1458274636.jpg
235,"Nhân Viên Lập Trình  (Full-Stack Developer)","Công Ty Cổ Phần Đầu Tư Digital Kingdom",TP.HCM,30/12/2023,"Yêu cầu kinh nghiệm","1 tháng","10 - 20 triệu","Đại học",https://cdn1.vieclam24h.vn/images/default/2022/09/14/images/166314569515.png
236,"Nhân Viên Digital Marketing","Công Ty Cổ Phần Thời Trang & Mỹ Phẩm V64",TP.HCM,08/12/2023,"Yêu cầu kinh nghiệm","2 tháng","12 - 15 triệu","Cao đẳng",https://cdn1.vieclam24h.vn/images/employer_avatar/2023/11/10/z4867491693233_03d23c4d424f5824cd2f1cdf9b7b3f6f_169960868138.jpg
237,"Security Operation Anlyst","Công Ty TNHH Dicentral Việt Nam",TP.HCM,28/12/2023,"Yêu cầu kinh nghiệm","2 tháng","15 - 20 triệu","Đại học",https://cdn1.vieclam24h.vn/company-logo-medium/112019/baf3942eb3b73280d0c9df5d9fd80a68.png
238,"IT Application Assistant Manager","Công Ty TNHH Jollibee Việt Nam",TP.HCM,30/12/2023,"Yêu cầu kinh nghiệm","Quản lý cấp cao","Thoả thuận","Đại học",https://cdn1.vieclam24h.vn/tvn/images/old_employer_avatar/images/cd5511ec1f8b5e311839479075c2ff7d_5fc8539c75c03_1606964124.jpeg
239,"IT Support Specialist","Công Ty TNHH Jollibee Việt Nam",TP.HCM,30/12/2023,"Yêu cầu kinh nghiệm","2 tháng","10 - 20 triệu","Đại học",https://cdn1.vieclam24h.vn/tvn/images/old_employer_avatar/images/cd5511ec1f8b5e311839479075c2ff7d_5fc8539c75c03_1606964124.jpeg
240,"Nhân Viên Kinh Doanh Website","Công Ty TNHH Giải Pháp Công Nghệ Số VN",TP.HCM,30/12/2023,"Yêu cầu kinh nghiệm","2 tháng","7.5 - 29.9 triệu","Trung học",https://cdn1.vieclam24h.vn/images/default/2022/09/12/images/166295166267.jpeg
241,"Nhân Viên IT - Đi Làm Ngay","Công Ty TNHH Chí Hùng","Bình Dương",29/12/2023,"Yêu cầu kinh nghiệm","Chuyên viên- nhân viên","10 - 12 triệu","Đại học",https://cdn1.vieclam24h.vn/tvn/images/old_employer_avatar/images/47920cb6beafa3e376ee3e3bd0c2c944_5dc386dc75f9e_1573095132.png
242,"Nhân Viên IT (Ưu Tiên Biết Tiếng Trung), Lương Từ 12 - 20 Triệu","Công Ty TNHH Pouyuen Việt Nam",TP.HCM,15/12/2023,"Yêu cầu kinh nghiệm","Chuyên viên- nhân viên","12 - 20 triệu","Cao đẳng",https://cdn1.vieclam24h.vn/tvn/images/old_employer_avatar/images/e23090ff9768cad983cb7c1b3f279e71_5338e9789a7fa_1396238712.png
243,"Chuyên Viên Phát Triển Kinh Doanh Dự Án CNTT","Công Ty Dịch Vụ Mobifone Khu Vực 6 - Chi Nhánh Tổng Công Ty Viễn Thông Mobifone","Nghệ An",15/12/2023,"Yêu cầu kinh nghiệm","2 tháng","10 - 25 triệu","Đại học",https://cdn1.vieclam24h.vn/images/default/2022/09/19/images/166356167148.png
244,"Lập Trình Viên Java (Backend Java).","Công Ty TNHH Tư Vấn Và Quản Lý Khách Sạn Tam Tam","Hà Nội",28/12/2023,"Yêu cầu kinh nghiệm","1 tháng","30 - 35 triệu","Cao đẳng",/img/vieclam24h_logo_customer.jpg
245,"Chuyên Viên Phân Tích Nghiệp Vụ","Bệnh Viện Đa Khoa Quốc Tế Bắc Hà - Chi Nhánh Công Ty TNHH Minh Hưng","Hà Nội",30/12/2023,"Yêu cầu kinh nghiệm","Chuyên viên- nhân viên","10 - 20 triệu","Đại học",https://cdn1.vieclam24h.vn/images/employer_avatar/2022/05/31/images/165396528159.jpeg
246,"Nhân Viên Kinh Doanh Phần Mềm -Tại Quận 12 (Đi Làm Ngay)","CÔNG TY CỔ PHẦN ASOFT",TP.HCM,31/12/2023,"Yêu cầu kinh nghiệm","2 tháng","8 - 40 triệu","Cao đẳng",https://cdn1.vieclam24h.vn/tvn/images/old_employer_avatar/images/e5c35c5599d135a55ab592515901359a_59a4c79d1f71d_1503971229.png
247,"Nhân Viên Lập Trình Java","Datawings Vietnam (Công Ty TNHH Đôi Cánh Dữ Liệu Việt Nam)",TP.HCM,15/12/2023,"Yêu cầu kinh nghiệm","2 tháng","18 - 22 triệu","Đại học",https://cdn1.vieclam24h.vn/images/default/2021/10/08/images/img_vieclam24h_vn_163367746276.png
248,"Nhân Viên Kinh Doanh Thu Nhập 13-80 Triệu","Ecom365 Company Limited",TP.HCM,26/12/2023,"Yêu cầu kinh nghiệm","2 tháng","13 - 80 triệu","Cao đẳng",https://cdn1.vieclam24h.vn/images/default/2021/09/21/images/img_vieclam24h_vn_163221115070.png
249,"Thực Tập Sinh Lập Trình Game Và Web App","Công Ty TNHH Sajbernet VN",TP.HCM,29/12/2023,"Yêu cầu kinh nghiệm","2 tháng","6 - 10 triệu","Cao đẳng",https://cdn1.vieclam24h.vn/images/default/2023/11/27/logo_170107664799.png
250,"Marketing Executive (Erp Software)","Công Ty Cổ Phần Công Nghệ Mobiwork Việt Nam","Hà Nội",27/12/2023,"Yêu cầu kinh nghiệm","2 tháng","11 - 14 triệu","Đại học",https://cdn1.vieclam24h.vn/upload/files_cua_nguoi_dung/logo/2018/07/31/1533012155_logo2x.png
251,"Trưởng Phòng IT","Công Ty Cổ Phần Qualitia","Đà Nẵng",10/12/2023,"Yêu cầu kinh nghiệm","Quản lý cấp cao","Thoả thuận","Đại học",/img/vieclam24h_logo_customer.jpg
252,"Nhân Viên IT Khu Vực Hà Nội","Công Ty Cổ Phần Vacxin Việt Nam","Hà Nội",09/12/2023,"Yêu cầu kinh nghiệm","2 tháng","8 - 10 triệu","Cao đẳng",https://cdn1.vieclam24h.vn/images/old_employer_avatar/images/75643e4d7c9f73222316052d41541cbc_1512629823_logov_fa_03.png
253,"Developer Support","Công Ty TNHH Abenla",TP.HCM,30/12/2023,"Yêu cầu kinh nghiệm","2 tháng","15 - 30 triệu","Cao đẳng",https://cdn1.vieclam24h.vn/tvn/asset/home/img/employer/5ce2755caaa48_1558345052.png
254,"Nhân Viên Marketing Ads Thu Nhập Từ 15 Triệu/ Tháng","Công ty cổ phần quốc tế Danis Group","Hà Nội",30-12-2023,"1 năm","Nhân Viên","15 - 25 triệu","Đang cập nhật",/images/no_company.png
255,"Nhân Viên Trade Marketing","Công ty cổ phần dược phẩm CPC1 Hà Nội","Hồ Chí Minh",31-12-2023,"Không yêu cầu kinh nghiệm","Nhân Viên","7 - 10 triệu","Đang cập nhật",https://cdn1.123job.vn/123job/uploads/2023/02/07/2023_02_07______2c34984b0c1a2f0a38dd2192d3ce1296.jpg
256,"363 Nguyễn Hữu Thọ- Đà Nẳng, Tuyển Marketing+Sale","CONG TY CP ĐỊA ỐC 68 LAND","Hải Châu, Đà Nẵng",28-12-2023,"Không yêu cầu","Nhân Viên","5 - 50 triệu","Không Yêu Cầu",https://cdn1.123job.vn/123job/uploads/2023/02/09/2023_02_09______ea37a6c53ad2570991aab1d3258e6adf.png
257,"Nhân Viên Marketing","CÔNG TY TNHH ĐẦU TƯ XUẤT NHẬP KHẨU KHAI NGUYÊN","Hồ Chí Minh",31-12-2023,"Không yêu cầu kinh nghiệm","Nhân Viên","Cập nhật","Đang cập nhật",https://cdn1.123job.vn/123job/uploads/2023/02/07/2023_02_07______c5e313111cb0ad7ae4df5c56cb97b620.jpg
258,"Thực Tập Sinh Content Marketing","Công ty TNHH Thẩm mỹ Quốc tế Linh Anh","Hồ Chí Minh",10-01-2024,"Không yêu cầu kinh nghiệm","Thực Tập Sinh","Cập nhật","Đang cập nhật",/images/no_company.png
259,"Nhân Viên Marketing","Công ty TNHH TM Thép Vĩnh Bình","Bình Tân, Hồ Chí Minh",16-01-2024,"1-2 năm","Nhân Viên","Cập nhật","Cao Đẳng",https://cdn1.123job.vn/123job/uploads/2023/02/07/2023_02_07______d8e167e5e9ea665e122063e95d945d56.jpg
260,"Leader Marketing","Công Ty TNHH Thương Mại Đầu Tư Và Phát Triển Hoàng Huy","Hà Nội",06-12-2023,"1 năm","Trưởng Nhóm","20 - 100 triệu","Đang cập nhật",https://cdn1.123job.vn/123job/uploads/2023/02/09/2023_02_09______fa6748de401735dcd7abfe574fc495f5.jpg
261,"[Tuyển dụng] nhân viên content marketing mức lương 6 - 15 triệu","Thái Phương Thảo","Quận Cẩm Lệ, Đà Nẵng",24-01-2024,"Kinh nghiệm từ 1 năm","Nhân Viên","6 - 15 triệu","Đang cập nhật",/images/no_company.png
262,"Nhân Viên Content Marketing Fulltime","CÔNG TY TNHH THƯƠNG MẠI VÀ XUẤT NHẬP KHẨU HÀ LƯƠNG","Hà Nội",30-12-2023,"1 năm","Nhân Viên","10 - 12 triệu","Đang cập nhật",https://cdn1.123job.vn/123job/uploads/2023/03/30/2023_03_30______4971dd962b68da37c22ec367f1b78499.jpg
263,"Nhân Viên Digital Marketing","Công Ty TNHH Good Nature Việt Nam","An Dương, Hải Phòng",21-12-2023,"Trên 0.5 năm","Nhân Viên","Cập nhật","Đang cập nhật",/images/no_company.png
264,"Nhân Viên Marketing","CÔNG TY TNHH THƯƠNG MẠI VÀ XÂY DỰNG T-HOME DANA","Cẩm Lệ, Đà Nẵng",17-01-2024,"Dưới 5 năm","Nhân Viên","Cập nhật","Đang cập nhật",/images/no_company.png
265,"Nhân Viên Senior Content Marketing Mảng F&B","CÔNG TY CỔ PHẦN XUẤT NHẬP KHẨU VÀ ĐẦU TƯ CÔNG NGHỆ CAO KBF_JAPAN","Hà Nội",22-12-2023,"2 năm","Nhân Viên","15 - 20 triệu","Đang cập nhật",https://cdn1.123job.vn/123job/uploads/2023/03/04/2023_03_04______c56f31fea62fdc3219f8925c2c71766c.jpg
266,"Nhân Viên Marketing","CÔNG TY TNHH FUSION GROUP","Hà Nội",22-12-2023,"1 năm","Nhân Viên","9 - 12 triệu","Đang cập nhật",https://cdn1.123job.vn/123job/uploads/2023/02/07/2023_02_07______8e36bd3a235f00e6e5043645e8db15b3.png
267,"Nhân viên Digital Marketing","Công ty TNHH Nàng Thơ Việt","Hà Nội",27-12-2023,"Trên 2 Năm","Nhân Viên","Cập nhật","Cao Đẳng",https://cdn1.123job.vn/123job/uploads/2023/02/09/2023_02_09______f7e07af89a93f5c30e290764c248ef30.jpg
268,"Nhân Viên Content Marketing","Công Ty Cổ Phần Thương Mại Và Đầu Tư Five Grains","Hà Nội",31-12-2023,"2 năm","Nhân Viên","10 - 12 triệu","Đang cập nhật",https://cdn1.123job.vn/123job/uploads/2023/04/07/2023_04_07______02481cbdc6702768e9c414f2acf86e48.png
269,"Nhân Viên Content Marketing","CÔNG TY TNHH XUẤT NHẬP KHẨU VÀ SẢN XUẤT KAMA","Hà Nội",24-12-2023,"Dưới 1 năm","Nhân Viên","8 - 10 triệu","Đang cập nhật",https://cdn1.123job.vn/123job/uploads/2023/02/28/2023_02_28______60a4bb5116660ffe4e635045746a7fc1.jpg
270,"Nhân Viên Digital Marketing","Công ty TNHH TMQT EVOLUTION","Hà Nội",23-12-2023,"Dưới 1 năm","Nhân Viên","10 - 18 triệu","Đang cập nhật",/images/no_company.png
271,"Tuyển Dụng Digital Marketing Senior Và Seo Senior","CÔNG TY TNHH HR SOLUTION ASIA","Bình Thạnh, Hồ Chí Minh",31-12-2023,"Từ 1 năm","Nhân Viên","Cập nhật","Đang cập nhật",https://cdn1.123job.vn/123job/uploads/2023/11/19/2023_11_19______f7a2398c2e67164decbffb92f492a7ad.jpg
272,"Field Go-To-Market Executive","Suntory PepsiCo","Hà Nội",05-12-2023,"Trên 2 Năm","Nhân Viên","Cập nhật","Đang cập nhật",/images/no_company.png
273,"Thực Tập Sinh Marketing","Công Ty Tnhh Wesaam","Thủ Đức, Hồ Chí Minh",15-01-2024,"Không yêu cầu","Nhân Viên","3 - 5 triệu/tuần","Đang cập nhật",https://cdn1.123job.vn/123job/uploads/2023/02/07/2023_02_07______df64a19a373d327359fc0202ec9a95ad.png
274,"Nhân Viên Content Marketing","Công Ty Cổ Phần Nhôm Yangli Việt Nam","Hà Nội; Hải Dương",31-12-2023,"1 năm","Nhân Viên","10 - 20 triệu","Đang cập nhật",/images/no_company.png
275,"Nhân Viên Content Marketting","CÔng ty Cổ phần thực phẩm dinh dưỡng Lolifood","Vinh, Nghệ An",02-01-2024,"Không yêu cầu","Nhân Viên","Cập nhật","Đang cập nhật",https://cdn1.123job.vn/123job/uploads/2023/03/23/2023_03_23______551c6b6532fd39bd726ad0df0d0d31e6.png
276,"Nhân Viên Marketing","CÔNG TY TNHH SONETS","Hoàng Mai, Hà Nội",26-12-2023,"1 - 3 năm","Nhân Viên","8 - 10 triệu","Đang cập nhật",https://cdn1.123job.vn/123job/uploads/2023/04/28/2023_04_28______20c1cefbfbfa0472d6cc1fb9cdc0441f.png
277,"Tuyển Dụng Digital Marketing Senior Và Seo Senior","CÔNG TY TNHH HR SOLUTION ASIA","Bình Thạnh, Hồ Chí Minh",31-12-2023,"Từ 1 năm","Nhân Viên","Cập nhật","Đang cập nhật",https://cdn1.123job.vn/123job/uploads/2023/11/19/2023_11_19______f7a2398c2e67164decbffb92f492a7ad.jpg
278,"Nhân Viên Marketing","HỘ KINH DOANH VERAVN","Hà Nội",31-12-2023,"Dưới 1 năm","Nhân Viên","10 - 20 triệu","Đang cập nhật",/images/no_company.png
279,"Thực Tập Sinh Seo Marketing Partime","TNHH ĐẦU TƯ VÀ PHÁT TRIỂN LINH HOA ANH","Đống Đa, Hà Nội",31-12-2023,"Không yêu cầu","Nhân Viên","Cập nhật","Đang cập nhật",/images/no_company.png
280,"Chuyên Viên Marketing","Công ty TNHH Công nghệ Sao Vega","Hà Nội",24-12-2023,"1 năm","Nhân Viên","9 triệu","Đang cập nhật",https://cdn1.123job.vn/123job/uploads/2023/02/07/2023_02_07______0efc95b614d92114761fa4015107cd3b.jpg
281,"Nhân Viên Marketing Full Time","CÔNG TY TNHH GECE GROUP","Hà Nội",27-12-2023,"1 năm","Nhân Viên",150,"Đang cập nhật",/images/no_company.png
282,"Chuyên Viên Marketing","Công ty TNHH Công nghệ Sao Vega","Hà Nội",24-12-2023,"1 năm","Nhân Viên","9 triệu","Đang cập nhật",https://cdn1.123job.vn/123job/uploads/2023/02/07/2023_02_07______0efc95b614d92114761fa4015107cd3b.jpg
283,".Net Core/ C# Developer","Công ty Cổ phần Công nghệ Phần mềm Tinh Vân","Hà Nội",22-12-2023,"2 năm","Nhân Viên","15 - 20 triệu","Đang cập nhật",/images/no_company.png
284,"Java Developer (Spring)","Dreamforce Vietnam","Nam Từ Liêm, Hà Nội",05-01-2024,"Đang cập nhật","Nhân Viên","Cập nhật","Đang cập nhật",/images/no_company.png
285,"IT System Administrator","SSKPI - Công ty Cổ phần Giá trị cộng đồng","Hà Nội",25-12-2023,"3 năm","Nhân Viên","25 triệu","Đang cập nhật",https://cdn1.123job.vn/123job/uploads/2023/04/12/2023_04_12______a68fe598ce665f384a4fdab8619bea6b.jpg
286,"Frontend Developer (React Native/ ReactJS)","SHARPENSOLS CO.,LTD","Hồ Chí Minh",31-12-2023,"3 năm","Nhân Viên","900 - 1700 usd","Đang cập nhật",/images/no_company.png
287,"Senior PHP Developer",TopOnSeek,"Hồ Chí Minh",01-01-2024,"Trên 3 Năm","Nhân Viên","Cập nhật","Đại Học",/images/no_company.png
288,"Chuyên Viên Quản Trị Kênh","Công ty TNHH đầu tư công nghệ và dịch vụ Sconnect Việt Nam","Hà Nội",24-12-2023,"Dưới 1 năm","Nhân Viên","8 - 11 triệu","Đang cập nhật",https://cdn1.123job.vn/123job/uploads/2023/02/07/2023_02_07______d45b6e9ce02c8963494468006772da28.jpg
289,"Kỹ Thuật Viên Lập Trình Và Vận Hành Máy CNC","CÔNG TY TNHH CÔNG NGHIỆP AMT VINA","Hà Nội",31-12-2023,"1 năm","Nhân Viên","7 - 10 triệu","Đang cập nhật",https://cdn1.123job.vn/123job/uploads/2023/05/19/2023_05_19______7606b78095d57480a102c8eb053f32b4.jpg
290,"Full Stack Java Developer Senior","Công Ty TNHH Laudert Việt Nam","Hồ Chí Minh; Huế, Thừa Thiên Huế",23-01-2024,"Trên 3 năm","Nhân Viên","Cập nhật","Đang cập nhật",https://cdn1.123job.vn/123job/uploads/2023/02/07/2023_02_07______6cb9e41097d07962b8bff4e00fd92cfb.jpg
291,"Fresher Devops","Công ty TNHH Thương Mại SKYWARD","Hà Nội",25-12-2023,"Dưới 1 năm","Nhân Viên","8 - 12 triệu","Đang cập nhật",https://cdn1.123job.vn/123job/uploads/2023/02/07/2023_02_07______224cb0621bf17402358df375a131edd7.jpg
292,"Python Developer","Công ty TNHH SETA international Việt Nam","Hà Nội",31-12-2023,"2 năm","Nhân Viên","2000 usd","Đang cập nhật",https://cdn1.123job.vn/123job/uploads/2023/02/07/2023_02_07______9939f31b63fb5e5fe154da4284a7d850.jpg
293,"Quản Lý Quan Hệ Khách Hàng","Công Ty TNHH Đầu Tư Công Nghệ St",TP.HCM,31/12/2023,"Yêu cầu kinh nghiệm","Chuyên viên- nhân viên","8 - 12 triệu","Cao đẳng",/img/vieclam24h_logo_customer.jpg
294,"Thực Tập Sinh IT - CNTT - Lập Trình Erp","Công Ty TNHH T4 Tek",TP.HCM,31/01/2024,"Yêu cầu kinh nghiệm","Cộng tác viên","1 - 15 triệu","Cao đẳng",https://cdn1.vieclam24h.vn/images/default/2022/09/05/images/166235407995.png
295,"Thực Tập Sinh Công Nghệ Thông Tin / IT","Công Ty TNHH Phát Triển Công Nghệ Trường Thịnh Group",TP.HCM,28/12/2023,"Yêu cầu kinh nghiệm","Cộng tác viên","5 - 7 triệu","Cao đẳng",https://cdn1.vieclam24h.vn/images/default/2021/03/22/images/img_vieclam24h_vn_161638685181.png
296,"Frontend Developer (React / Nextjs)","Công Ty TNHH Một Thành Viên Snaptec","Thừa Thiên Huế",31/12/2023,"Yêu cầu kinh nghiệm","2 tháng","8 - 30 triệu","Cao đẳng",https://cdn1.vieclam24h.vn/images/default/2022/09/13/images/166304034366.jpeg
297,"Chuyên Viên Phát Triển Kinh Doanh (Hà Nội)","Công Ty CP Pt Kinh Doanh Thịnh Phát","Hà Nội",31/12/2023,"Yêu cầu kinh nghiệm","2 tháng","20 - 25 triệu","Đại học",https://cdn1.vieclam24h.vn/tvn/images/old_employer_avatar/images/fe9cc7d2b4069cf40cf7cca2b302d81b_5cde63307bb3b_1558078256.png
298,"Tuyển auto test range","Nhất Diệp Chi Thu","Hà Nội",01-01-2024,"2 năm kinh nghiệm","Nhân Viên","740 - 1000 usd","Đang cập nhật",/images/no_company.png
299,"Kỹ Sư Cầu Nối - BrSE","Công ty TNHH phần mềm Kaopiz","Hà Nội",31-12-2023,"1 năm","Nhân Viên","60 triệu","Đang cập nhật",https://cdn1.123job.vn/123job/uploads/2023/02/07/2023_02_07______5d0c36f2fce72caf66de27db7380536e.jpg
300,"Hardware Developer","Công ty cổ phần Sharitek Việt Nam","Hà Nội",14-12-2023,"2 năm","Nhân Viên","20 - 40 triệu","Đang cập nhật",https://cdn1.123job.vn/123job/uploads/2023/05/24/2023_05_24______ce824c764c5a2b24e6c88d0944c366fc.png
301,"C++ Developer | T9173","Công ty TNHH CMC GLOBAL","Hà Nội",31-12-2023,"1 năm","Nhân Viên","Cập nhật","Đang cập nhật",https://cdn1.123job.vn/123job/uploads/2023/02/07/2023_02_07______11b77ede7df41866abac00b9bf03f739.jpg
302,"[Online-HCM] Công Ty Alta Software Tuyển Dụng Thực Tập Sinh Lập Trình Front-end, Back-end Full-time 2023","Công Thiện Phan","Hồ Chí Minh",30-12-2023,"Không cần kinh nghiệm - Đừng lo! Chúng tôi sẽ đào tạo bạn từ đầu. Có kinh nghiệm là điểm cộng!","Nhân Viên","Cập nhật","Đang cập nhật",/images/no_company.png
303,"Nhân Viên Thiết Kế In Ấn - Quận 8","Công Ty TNHH Thương Mại - Dịch Vụ Và Quảng Cáo Oanh Trần",TP.HCM,09/12/2023,"Yêu cầu kinh nghiệm","1 tháng","8 - 10 triệu","Trung cấp",https://cdn1.vieclam24h.vn/upload/files_cua_nguoi_dung/logo/2020/05/06/3122722_vieclam24h_1588744792.jpg
304,"Senior .Net Backend / Devops Engineer","Công Ty TNHH Monstarlab Việt Nam","Hà Nội",31/01/2024,"Yêu cầu kinh nghiệm","2 tháng","30 - 60 triệu","Đại học",https://cdn1.vieclam24h.vn/images/employer_avatar/2023/10/06/Monstarlab-Logo_169656661285.png
305,"Nhân Viên Kinh Doanh Phần Mềm","Công Ty Cổ Phần Công Nghệ Sandboxvn","Hà Nội",08/12/2023,"Yêu cầu kinh nghiệm","Chuyên viên- nhân viên","8 - 50 triệu","Đại học",/img/vieclam24h_logo_customer.jpg
306,"Manager / Senior Manager, Tpa Management & Sales","Công Ty TNHH Xoài Việt Nam",TP.HCM,06/01/2024,"Yêu cầu kinh nghiệm","1 tháng","10 - 30 triệu","Đại học",/img/vieclam24h_logo_customer.jpg
307,"[Hanoi] Công Ty Công Nghệ LogiGear Tuyển Dụng Lập Trình Viên Frontend Developer Vue.JS, Japanese Test Lead, Salesforce Developer, C#, Dot.NET, PHP/Lavarel Developer Full-time 2023","Anh phạm","Hà Nội",26-12-2023,"Yêu cầu ứng viên phải có kinh nghiệm","Nhân Viên","20 triệu","Đang cập nhật",https://cdn1.123job.vn/123job/uploads/2023/02/13/2023_02_13______b16245055f27b42b01b5e0bca2b8fe23.png
308,"[HN] Công Ty Giải Pháp Công Nghệ MIGI Technology Tuyển Dụng Lập Trình Viên C++ Full-time 2023","Lê Thị Huyền","Hà Nội",31-12-2023,"Yêu cầu ứng viên phải có kinh nghiệm","Nhân Viên","15 - 30 triệu","Đang cập nhật",https://cdn1.123job.vn/123job/uploads/2023/05/12/2023_05_12______e4cf316e2ea83ada2bfdd450d87d6ae8.jpg
309,"Golang Developer | T4039","Công ty TNHH CMC GLOBAL","Hà Nội",31-12-2023,"1 năm","Nhân Viên","20 - 40 triệu","Đang cập nhật",https://cdn1.123job.vn/123job/uploads/2023/02/07/2023_02_07______11b77ede7df41866abac00b9bf03f739.jpg
310,"Tuyển 1 Nam Trông Net KDC Vĩnh LộC.Bình Tân","GAME BiBo","Bình Tân, Hồ Chí Minh",29-01-2024,"Không yêu cầu","Nhân Viên","5.2 triệu","Không Yêu Cầu",/images/no_company.png
311,"[HN] Công Ty FTI Erp Solution Tuyển Dụng Nhân Viên Triển Khai Phần Mềm ERP SAP, Lập Trình Phát Triển Phần Mềm Java Full-time 2023","Lê quỳnh trang","Hà Nội",31-01-2024,"Yêu cầu ứng viên phải có kinh nghiệm","Nhân Viên","Cập nhật","Đang cập nhật",/images/no_company.png
312,"IT Comtor (JPese)","Công ty Cổ phần Giải pháp NETKO","Hà Nội",03-01-2024,"3 năm","Nhân Viên","40 triệu","Đang cập nhật",https://cdn1.123job.vn/123job/uploads/2023/02/07/2023_02_07______bd616b0993cb4acb32b0cee2383e03eb.png
313,"Nhân Viên Lập Trình & Vận Hành CNC Ở Quận 12 Lương 8 - 15TR (Kinh Nghiệm 1 Năm)","CÔNG TY TNHH CƠ KHÍ QUANG TRUNG","Quận 12, Hồ Chí Minh",01-01-2024,"1 - 2 năm","Nhân Viên","8 - 15 triệu","Đang cập nhật",/images/no_company.png
314,"Ai Cần Sơn Sữa Nhà Đón Tết Liên Hệ E","Luc Huu","Điện Bàn, Quảng Nam",26-12-2023,"Đang cập nhật","Nhân Viên","7 - 10 triệu/ngày","Đang cập nhật",/images/no_company.png
315,"Data Engineer - Hanoi - TA083","Ngân Hàng TMCP Việt Nam Thịnh Vượng (VPBank)","Hà Nội",07-12-2023,"3 - 5 Năm","Nhân Viên","Cập nhật","Cao Đẳng",https://cdn1.123job.vn/123job/uploads/2023/02/07/2023_02_07______99dd58e487c0e2a00867d24551a9b802.jpg
316,"System Engineer - Team Lead","Công ty cổ phần Hạ tầng Viễn thông CMC Telecom","Hà Nội",14-12-2023,"3 năm","Trưởng Nhóm","35 triệu","Đang cập nhật",https://cdn1.123job.vn/123job/uploads/2023/02/07/2023_02_07______f30c52888e6b00e8139a238a924951d8.jpg
317,"Project Manager (PM)","Công ty Cổ phần Tập đoàn Omi (OmiGroup)","Hà Nội",31-12-2023,"3 năm","Quản Lý / Giám Sát","5 triệu","Đang cập nhật",/images/no_company.png
318,"Manual Test ( Mobile App - Có Định Hướng Auto )","CÔNG TY CỔ PHẦN IKAME VIỆT NAM","Hà Nội",31-12-2023,"2 năm","Nhân Viên","20 triệu","Đang cập nhật",https://cdn1.123job.vn/123job/uploads/2023/02/07/2023_02_07______cb7e064fd85ee5f2830c77ec833e5a0d.jpg
319,"Product Manager (Mobile App)","CÔNG TY CỔ PHẦN IKAME VIỆT NAM","Hà Nội",31-12-2023,"2 năm","Nhân Viên","2000 usd","Đang cập nhật",https://cdn1.123job.vn/123job/uploads/2023/02/07/2023_02_07______cb7e064fd85ee5f2830c77ec833e5a0d.jpg
320,"IT System Manager (Trưởng Nhóm Quản Trị Và Tối Ưu)","Công ty cổ phần Hạ tầng Viễn thông CMC Telecom","Hà Nội",31-12-2023,"Trên 5 năm","Trưởng/Phó Phòng","Cập nhật","Đang cập nhật",https://cdn1.123job.vn/123job/uploads/2023/02/07/2023_02_07______f30c52888e6b00e8139a238a924951d8.jpg
321,"React Native Mobile App Developer (iOS/Android)","Công ty cổ phần Exam24h","Cầu Giấy, Hà Nội",06-01-2024,"Đang cập nhật","Nhân Viên","500 - 1200 usd","Đang cập nhật",/images/no_company.png
322,"Project Manager (PM)","Công ty Cổ phần Tập đoàn Omi (OmiGroup)","Hà Nội",31-12-2023,"3 năm","Quản Lý / Giám Sát","5 triệu","Đang cập nhật",/images/no_company.png
323,"Manual Test ( Mobile App - Có Định Hướng Auto )","CÔNG TY CỔ PHẦN IKAME VIỆT NAM","Hà Nội",31-12-2023,"2 năm","Nhân Viên","20 triệu","Đang cập nhật",https://cdn1.123job.vn/123job/uploads/2023/02/07/2023_02_07______cb7e064fd85ee5f2830c77ec833e5a0d.jpg
324,"Product Manager (Mobile App)","CÔNG TY CỔ PHẦN IKAME VIỆT NAM","Hà Nội",31-12-2023,"2 năm","Nhân Viên","2000 usd","Đang cập nhật",https://cdn1.123job.vn/123job/uploads/2023/02/07/2023_02_07______cb7e064fd85ee5f2830c77ec833e5a0d.jpg
325,"IT System Manager (Trưởng Nhóm Quản Trị Và Tối Ưu)","Công ty cổ phần Hạ tầng Viễn thông CMC Telecom","Hà Nội",31-12-2023,"Trên 5 năm","Trưởng/Phó Phòng","Cập nhật","Đang cập nhật",https://cdn1.123job.vn/123job/uploads/2023/02/07/2023_02_07______f30c52888e6b00e8139a238a924951d8.jpg
326,"React Native Mobile App Developer (iOS/Android)","Công ty cổ phần Exam24h","Cầu Giấy, Hà Nội",06-01-2024,"Đang cập nhật","Nhân Viên","500 - 1200 usd","Đang cập nhật",/images/no_company.png
327,"Fresher Ux / Ui Design","Công Ty Cổ Phần Công Nghệ Hub",TP.HCM,31/12/2023,"Yêu cầu kinh nghiệm","2 tháng","7 - 9 triệu","Đại học",/img/vieclam24h_logo_customer.jpg
328,"Nhân Viên SEO","Công Ty TNHH Bệnh Viện Chuyên Khoa Thẩm Mỹ Việt Mỹ",TP.HCM,30/12/2023,"Yêu cầu kinh nghiệm","Chuyên viên- nhân viên","10 - 12 triệu","Cao đẳng",https://cdn1.vieclam24h.vn/tvn/images/employer_avatar/2021/12/22/images/164015967485.jpeg
329,"IT Support","Công Ty TNHH Chế Biến Gia Vị Nedspice Việt Nam","Bình Dương",31/12/2023,"Yêu cầu kinh nghiệm","2 tháng","14 - 16 triệu","Đại học",https://cdn1.vieclam24h.vn/tvn/images/old_employer_avatar/images/61145037bc25986f63cead18a19ce2b6_5d1d6c82526ed_1562209410.png
330,"Nhân Viên Quan Hệ Khách Hàng","Công Ty TNHH Đầu Tư Công Nghệ St",TP.HCM,31/12/2023,"Yêu cầu kinh nghiệm","Chuyên viên- nhân viên","8 - 12 triệu","Cao đẳng",/img/vieclam24h_logo_customer.jpg
331,"Data/BI Engineer",ELCA,"Bình Thạnh, Hồ Chí Minh",29-12-2023,"Đang cập nhật","Nhân Viên","Cập nhật","Đang cập nhật",/images/no_company.png
332,"Senior AI Engineer (B2B Product)","Công Ty Cổ Phần VNG","Hồ Chí Minh",25-12-2023,"4 - 7 Năm","Nhân Viên","Cập nhật","Đại Học",/images/no_company.png
333,"SAP ABAP Developer","CÔNG TY TNHH BOSCH GLOBAL SOFTWARE TECHNOLOGIES","Tân Bình, Hồ Chí Minh",19-12-2023,"Không yêu cầu","Nhân Viên","Cập nhật","Đang cập nhật",https://cdn1.123job.vn/123job/uploads/2023/02/07/2023_02_07______c389113e7bdf2644a9bc7f0a9aec39fe.jpg
334,"Kỹ sư Lập trình","CÔNG TY TNHH CÔNG NGHỆ VIỆT","Hà Nội",23-01-2024,"Trên 2 Năm","Nhân Viên","Cập nhật","Đại Học",/images/no_company.png
335,"Tuyển dụng nhanh fullstack developer (thu nhập 35 - 50 triệu)","Công Toàn","Quận Thanh Xuân, Hà Nội",16-01-2024,"> 3 năm kinh nghiệm","Nhân Viên","35 - 50 triệu","Đang cập nhật",/images/no_company.png
336,"Nhân Viên Kinh Doanh","Công Ty Cổ Phần Thương Mại Hà Phan","Hà Nội ,",31/01/2024,"Yêu cầu kinh nghiệm","2 tháng","9 - 15 triệu","Trung cấp",https://cdn1.vieclam24h.vn/upload/files_cua_nguoi_dung/logo/2015/03/02/1425282755_logo.png
337,"Php developer [Tân Bình]","Hang Le","Quận Tân Bình, Hồ Chí Minh",08-01-2024,"Đang cập nhật","Nhân Viên","Cập nhật","Đang cập nhật",/images/no_company.png
338,"[Hà Nội] Tuyển lập trình viên visual (mức lương 25 - 30 triệu)","Hoa Phạm","Hà Nội",22-01-2024,"Đang cập nhật","Nhân Viên","25 - 30 triệu","Đang cập nhật",/images/no_company.png
339,"Php developer 7 - 8 triệu","Nguyễn Nam","Quận Thanh Xuân, Hà Nội",01-01-2024,"> 1 năm kinh nghiệm","Nhân Viên","7 - 8 triệu","Đang cập nhật",/images/no_company.png
340,"Php developer (2 năm kinh nghiệm) [Hồ Chí Minh]","An Nguyễn","Quận 2, Hồ Chí Minh",29-12-2023,"2 năm kinh nghiệm","Nhân Viên","Cập nhật","Đang cập nhật",/images/no_company.png
341,"[Tuyển dụng] web developers Hồ Chí Minh","Lê Thiện","Quận Tân Bình, Hồ Chí Minh",20-01-2024,"1 năm kinh nghiệm","Nhân Viên","Cập nhật","Đang cập nhật",/images/no_company.png
