ZOI.TECH SGN,4 years,Senior,In Office
Shinhan DS Vietnam Company Limited,4 years,Senior,In Office
LACO GROUP,Not required,Fresher,In Office
Eduvator,2 years,Middle,In Office
ZOI.TECH SGN,4 years,Senior,In Office
NGÂN HÀNG THƯƠNG MẠI CỔ PHẦN BƯU ĐIỆN LIÊN VIỆT,1 year,Junior,In Office
TMA Tech Group,4 years,Leader,In Office
YCOMM VIỆT NAM,3 years,Middle,In Office
International Centre for Trade Transparency Limited,4 years,Senior,In Office
CRESYN,Không yêu cầu,Fresher,In Office
NGÂN HÀNG Á CHÂU (ACB),3 năm,Middle,In Office
Unicloud Group,2 năm,Middle,In Office
ISB Vietnam,4 năm,Senior,In Office
PLOTT ASEAN COMPANY LIMITED,06 tháng,Fresher,In Office
Ahamove,3 năm,Senior,In Office
Eduvator,2 năm,Middle,In Office
DFM-Engineering,1 năm,Junior,In Office
Gemtek Việt Nam,3 năm,Senior,In Office
DTS Software Viet Nam,Không yêu cầu,Fresher,In Office
Titan DMS,5 năm,Senior,In Office
NEC Vietnam,3 năm,Senior,Hybrid
GEM Vietnam,2 năm,Middle,In Office
Globaltech,3 năm,Trưởng Nhóm,In Office
Brycen Vietnam,2 năm,Middle,In Office
One Mount Group,3 năm,Trưởng Nhóm,In Office
Go2Joy Việt Nam,2 năm,Middle,In Office
CA Advance,1 năm,Junior,In Office
Brycen Vietnam,2 năm,Middle,In Office
Công ty Cổ phần Techlab,06 tháng,Fresher,In Office
DigiMe,1 năm,Junior,In Office
EMESOFT,8 năm,Senior,In Office
LightVision Inc.,3 năm,Senior,In Office
Ideku Technology Solution Pte Ltd,5 năm,Trưởng Nhóm,In Office
Filum AI,3 năm,Senior,In Office
International Centre for Trade Transparency Limited,4 năm,Senior,In Office
CB/I Digital,1 năm,Middle,Hybrid
CÔNG TY CỔ PHẦN BUCA,5 năm,Senior,In Office
Công Ty TNHH Công Nghệ Block Dance,5 năm,Senior,In Office
EMESOFT,3 năm,Senior,In Office
TMA Tech Group,4 năm,Trưởng Nhóm,In Office
SHB Finance,1 năm,Junior,In Office
Techvify Software,3 năm,Middle,Oversea
Ngân hàng TMCP Sài Gòn Thương tín (Sacombank),1 năm,Trưởng Nhóm,In Office
Brycen Vietnam,3 năm,Middle,Remote
One Mount Group,5 năm,Senior,In Office
Brycen Vietnam,2 năm,Middle,In Office
NEC Vietnam,4 năm,Trưởng Nhóm,Hybrid
LightVision Inc.,3 năm,Senior,In Office
VNPAY,06 tháng,Junior,In Office
Agentec Vietnam,1 năm,Junior,In Office
Allexceed Việt Nam,Không yêu cầu,All Levels,Hybrid
DaouKiwoom Innovation,2 năm,Middle,In Office
Công ty Cổ phần Techlab,3 năm,Senior,In Office
CÔNG TY TNHH POSCO DX VIỆT NAM,2 năm,Middle,In Office
Ngân hàng TMCP Sài Gòn Thương tín (Sacombank),1 năm,Trưởng Nhóm,In Office
LightVision Inc.,3 năm,Senior,In Office
Techvify Software,3 năm,Middle,Oversea
Viettel Group,2 năm,Middle,In Office
CÔNG TY TNHH POSCO DX VIỆT NAM,2 năm,Middle,In Office
Agentec Vietnam,1 năm,Junior,In Office
Infass Systèmes,Không yêu cầu,Fresher,In Office
Công ty Cổ phần Techlab,3 năm,Senior,In Office
VNPAY,06 tháng,Junior,In Office
Allexceed Việt Nam,Không yêu cầu,All Levels,Hybrid
Inceptionlabs,3 năm,Middle,In Office
GEM Vietnam,3 năm,Senior,In Office
TopSquad,4 năm,Senior,In Office
ETC Technology System JSC,4 năm,Senior,In Office
One Mount Group,3 năm,Senior,In Office
Quang Hưng,5 năm,Trưởng phòng,In Office
Quang Hưng,3 năm,Senior,In Office
HEINEKEN Vietnam,3 năm,Middle,In Office
Tổng Công Ty Hạ Tầng Mạng (VNPT-Net),1 năm,Junior,In Office
CB/I Digital,3 năm,Trưởng phòng,Hybrid
NEC Vietnam,5 năm,Trưởng phòng,Hybrid
Quang Hưng,5 năm,Trưởng phòng,In Office
Quang Hưng,3 năm,Senior,In Office
HEINEKEN Vietnam,3 năm,Middle,In Office
Tổng Công Ty Hạ Tầng Mạng (VNPT-Net),1 năm,Junior,In Office
CB/I Digital,3 năm,Trưởng phòng,Hybrid
NEC Vietnam,5 năm,Trưởng phòng,Hybrid
Quang Hưng,5 năm,Trưởng phòng,In Office
Quang Hưng,3 năm,Senior,In Office
HEINEKEN Vietnam,3 năm,Middle,In Office
Tổng Công Ty Hạ Tầng Mạng (VNPT-Net),1 năm,Junior,In Office
CB/I Digital,3 năm,Trưởng phòng,Hybrid
NEC Vietnam,5 năm,Trưởng phòng,Hybrid
LOTUS SOFT,2 năm,Middle,In Office
MBBANK,3 năm,Middle,In Office
Viettel Group,Không yêu cầu,Fresher,In Office
NEC Vietnam,3 năm,Senior,Hybrid
MOBIFONE PLUS,2 năm,Middle,In Office
FREECRACY VIỆT NAM,4 năm,Middle,Hybrid
FREECRACY VIỆT NAM,5 năm,Trưởng phòng,Hybrid
Sungrove Tech Vietnam,5 năm,Senior,In Office
LightVision Inc.,3 năm,Senior,In Office
Ngân hàng TMCP Sài Gòn Thương tín (Sacombank),1 năm,Trưởng Nhóm,In Office
Techvify Software,3 năm,Middle,Oversea
Viettel Group,2 năm,Middle,In Office
CÔNG TY TNHH POSCO DX VIỆT NAM,2 năm,Middle,In Office
Agentec Vietnam,1 năm,Junior,In Office
Infass Systèmes,Không yêu cầu,Fresher,In Office
Công ty Cổ phần Techlab,3 năm,Senior,In Office
VNPAY,06 tháng,Junior,In Office
Allexceed Việt Nam,Không yêu cầu,All Levels,Hybrid
Inceptionlabs,3 năm,Middle,In Office
GEM Vietnam,3 năm,Senior,In Office
TopSquad,4 năm,Senior,In Office
ETC Technology System JSC,4 năm,Senior,In Office
One Mount Group,3 năm,Senior,In Office
CAZOODLE,Không yêu cầu,All Levels,Remote
MOHA Software,1 năm,Junior,In Office
MOHA Software,3 năm,Senior,In Office
MOHA Software,5 năm,Senior,In Office
Vani Studio (Vanilacorp),5 năm,Senior,In Office
Vani Studio (Vanilacorp),5 năm,Senior,In Office
VIETCAP SECURITIES,2 năm,Middle,In Office
LOTUS SOFT,4 năm,Senior,In Office
VNEXT SOFTWARE,2 năm,Middle,In Office
VNEXT SOFTWARE,4 năm,Senior,In Office
CAZOODLE,Không yêu cầu,All Levels,Remote
MOHA Software,1 năm,Junior,In Office
MOHA Software,3 năm,Senior,In Office
MOHA Software,5 năm,Senior,In Office
Vani Studio (Vanilacorp),5 năm,Senior,In Office
Vani Studio (Vanilacorp),5 năm,Senior,In Office
VIETCAP SECURITIES,2 năm,Middle,In Office
LOTUS SOFT,4 năm,Senior,In Office
VNEXT SOFTWARE,2 năm,Middle,In Office
VNEXT SOFTWARE,4 năm,Senior,In Office
